🏗️ Inicializando CaballeroHidalgoGame... script_modular.js:7:17
GET
http://127.0.0.1:5500/favicon.ico
[HTTP/1.1 404 Not Found 1ms]

🎮 Modo seleccionado: ai script_modular.js:111:17
🎮 Configurando modo de juego: ai normal_script.js:106:17
🎮 4 jugadores seleccionados script_modular.js:133:17
🎮 Configurando 4 jugadores normal_script.js:78:17
🎮 4 jugadores configurados correctamente normal_script.js:102:17
🎮 Iniciando nuevo juego... (force: true) script_modular.js:159:17
🎮 Repartiendo cartas aleatorias a 4 jugadores normal_script.js:118:17
🎮 Reparto completado. Cartas en manos: normal_script.js:129:17
🎮 Jugador 1: 3 cartas normal_script.js:131:21
🎮 Jugador 2: 3 cartas normal_script.js:131:21
🎮 Jugador 3: 3 cartas normal_script.js:131:21
🎮 Jugador 4: 3 cartas normal_script.js:131:21
🔍 Jugador 1, gameMode: ai, playerCount: 4, isAI: false 4 script_modular.js:346:17
🔍 Jugador 2, gameMode: ai, playerCount: 4, isAI: true script_modular.js:346:17
🔍 Jugador 3, gameMode: ai, playerCount: 4, isAI: true script_modular.js:346:17
🔍 Jugador 4, gameMode: ai, playerCount: 4, isAI: true script_modular.js:346:17
🔍 Jugador 1, gameMode: ai, playerCount: 4, isAI: false script_modular.js:346:17
[DEBUG] drawCard: Jugador 1 robando "Cuchicheos de ventero". Mano antes: 3 cartas, mazo: 40 cartas normal_script.js:159:21
[DEBUG] drawCard: Jugador 1 robó "Cuchicheos de ventero". Mano después: 4 cartas, mazo: 39 cartas normal_script.js:165:21
🔍 Jugador 1, gameMode: ai, playerCount: 4, isAI: false 5 script_modular.js:346:17
🔍 Jugador 2, gameMode: ai, playerCount: 4, isAI: true script_modular.js:346:17
🔍 Jugador 3, gameMode: ai, playerCount: 4, isAI: true script_modular.js:346:17
🔍 Jugador 4, gameMode: ai, playerCount: 4, isAI: true script_modular.js:346:17
🔍 Jugador 1, gameMode: ai, playerCount: 4, isAI: false script_modular.js:346:17
🔍 Jugador 1, gameMode: ai, playerCount: 4, isAI: false script_modular.js:346:17
🔍 [DEBUG] playCard INICIADO - Índice: 2, Fase: play, hasPlayed: false, librosMode: false human_script.js:19:17
🎯 HUMANO JUGANDO CARTA: Yelmo (complemento) - Índice: 2 human_script.js:34:17
🔍 [DEBUG] playCard - Mano antes de jugar: 4 cartas human_script.js:35:17
⚙️ HUMANO OPCIONES DE JUEGO: Yelmo (complemento) - Índice: 2 human_script.js:92:17
🔍 [DEBUG] showPlayOptions - Carta: Yelmo, Categoría: complemento, Tipo: yelmo human_script.js:93:17
🔧 [DEBUG] showPlayOptions - Ejecutando addEquipment para complemento human_script.js:96:21
[DEBUG] addEquipment HUMANO: Equipando "Yelmo" como yelmo. Mano antes: 4 cartas human_script.js:173:21
[DEBUG] addEquipment HUMANO: "Yelmo" removida de la mano. Mano después: 3 cartas human_script.js:176:21
✅ CARTA EQUIPADA: Yelmo removida de la mano human_script.js:179:25
🔧 HUMANO equipó: Yelmo human_script.js:193:21
🔍 Jugador 1, gameMode: ai, playerCount: 4, isAI: false 4 script_modular.js:346:17
🔍 Jugador 2, gameMode: ai, playerCount: 4, isAI: true script_modular.js:346:17
🔍 Jugador 3, gameMode: ai, playerCount: 4, isAI: true script_modular.js:346:17
🔍 Jugador 4, gameMode: ai, playerCount: 4, isAI: true script_modular.js:346:17
🔄 MODO AI: Finalizando turno automáticamente después de equipar human_script.js:214:21
🔍 Jugador 1, gameMode: ai, playerCount: 4, isAI: false script_modular.js:346:17
🔍 Jugador 2, gameMode: ai, playerCount: 4, isAI: true script_modular.js:346:17
🔍 Jugador 3, gameMode: ai, playerCount: 4, isAI: true script_modular.js:346:17
🔍 Jugador 4, gameMode: ai, playerCount: 4, isAI: true script_modular.js:346:17
🔍 Jugador 2, gameMode: ai, playerCount: 4, isAI: true 2 script_modular.js:346:17
🤖 El siguiente jugador es IA, ejecutando turno automáticamente script_modular.js:234:25
🤖 Turno de IA: Jugador 2 aiplayer_script.js:21:17
📊 CONTEO DE CARTAS (Turno IA): aiplayer_script.js:918:17
  📋 En manos: 12 cartas aiplayer_script.js:919:17
  🛡️ Equipadas: 1 cartas aiplayer_script.js:920:17
  🃏 En mazo: 39 cartas aiplayer_script.js:921:17
  🗑️ En descarte: 0 cartas aiplayer_script.js:922:17
  📈 TOTAL: 52/52 cartas aiplayer_script.js:923:17
🤖 IA robando carta... aiplayer_script.js:32:21
[DEBUG] drawCard: Jugador 2 robando "De tal palo, tal astilla". Mano antes: 3 cartas, mazo: 39 cartas normal_script.js:159:21
[DEBUG] drawCard: Jugador 2 robó "De tal palo, tal astilla". Mano después: 4 cartas, mazo: 38 cartas normal_script.js:165:21
🤖 IA jugando carta... aiplayer_script.js:39:21
🔍 IA evaluando estratégicamente las cartas... aiplayer_script.js:70:17
🤖 IA: Rocín = valor 100 aiplayer_script.js:79:21
🤖 IA: Princesa Micomicona = valor 70 aiplayer_script.js:79:21
🤖 IA: Yelmo = valor 100 aiplayer_script.js:79:21
🤖 IA: De tal palo, tal astilla = valor 60 aiplayer_script.js:79:21
🤖 IA seleccionó estratégicamente: Rocín (valor: 100) aiplayer_script.js:87:17
🤖 IA JUGANDO CARTA: Rocín (complemento) - Índice: 0 aiplayer_script.js:101:17
⚙️ IA OPCIONES DE JUEGO: Rocín (complemento) - Índice: 0 aiplayer_script.js:139:17
[DEBUG] addEquipment IA: Equipando "Rocín" como rocin. Mano antes: 4 cartas aiplayer_script.js:316:21
[DEBUG] addEquipment IA: "Rocín" removida de la mano. Mano después: 3 cartas aiplayer_script.js:319:21
✅ CARTA EQUIPADA: Rocín removida de la mano aiplayer_script.js:320:21
🔧 IA equipó: Rocín aiplayer_script.js:328:21
🔍 Jugador 1, gameMode: ai, playerCount: 4, isAI: false script_modular.js:346:17
🔍 Jugador 2, gameMode: ai, playerCount: 4, isAI: true script_modular.js:346:17
🔍 Jugador 3, gameMode: ai, playerCount: 4, isAI: true script_modular.js:346:17
🔍 Jugador 4, gameMode: ai, playerCount: 4, isAI: true script_modular.js:346:17
🤖 IA: Turno completado, listo para finalizar aiplayer_script.js:348:21
🔍 DEBUG: Condiciones para terminar turno: hasDrawn=true, librosMode=false, hasPlayed=true, aiSelectionHandled=false, isAI=true aiplayer_script.js:51:17
🤖 IA terminando turno... aiplayer_script.js:54:21
🔍 Jugador 1, gameMode: ai, playerCount: 4, isAI: false script_modular.js:346:17
🔍 Jugador 2, gameMode: ai, playerCount: 4, isAI: true script_modular.js:346:17
🔍 Jugador 3, gameMode: ai, playerCount: 4, isAI: true script_modular.js:346:17
🔍 Jugador 4, gameMode: ai, playerCount: 4, isAI: true script_modular.js:346:17
🔍 Jugador 3, gameMode: ai, playerCount: 4, isAI: true 2 script_modular.js:346:17
🤖 El siguiente jugador es IA, ejecutando turno automáticamente script_modular.js:234:25
🤖 Turno de IA: Jugador 3 aiplayer_script.js:21:17
📊 CONTEO DE CARTAS (Turno IA): aiplayer_script.js:918:17
  📋 En manos: 12 cartas aiplayer_script.js:919:17
  🛡️ Equipadas: 2 cartas aiplayer_script.js:920:17
  🃏 En mazo: 38 cartas aiplayer_script.js:921:17
  🗑️ En descarte: 0 cartas aiplayer_script.js:922:17
  📈 TOTAL: 52/52 cartas aiplayer_script.js:923:17
🤖 IA robando carta... aiplayer_script.js:32:21
[DEBUG] drawCard: Jugador 3 robando "Lanza". Mano antes: 3 cartas, mazo: 38 cartas normal_script.js:159:21
[DEBUG] drawCard: Jugador 3 robó "Lanza". Mano después: 4 cartas, mazo: 37 cartas normal_script.js:165:21
🤖 IA jugando carta... aiplayer_script.js:39:21
🔍 IA evaluando estratégicamente las cartas... aiplayer_script.js:70:17
🤖 IA: De tal palo, tal astilla = valor 60 aiplayer_script.js:79:21
🤖 IA: Bacía de barbero = valor 80 aiplayer_script.js:79:21
🤖 IA: Rocín = valor 100 aiplayer_script.js:79:21
🤖 IA: Lanza = valor 100 aiplayer_script.js:79:21
🤖 IA seleccionó estratégicamente: Rocín (valor: 100) aiplayer_script.js:87:17
🤖 IA JUGANDO CARTA: Rocín (complemento) - Índice: 2 aiplayer_script.js:101:17
⚙️ IA OPCIONES DE JUEGO: Rocín (complemento) - Índice: 2 aiplayer_script.js:139:17
[DEBUG] addEquipment IA: Equipando "Rocín" como rocin. Mano antes: 4 cartas aiplayer_script.js:316:21
[DEBUG] addEquipment IA: "Rocín" removida de la mano. Mano después: 3 cartas aiplayer_script.js:319:21
✅ CARTA EQUIPADA: Rocín removida de la mano aiplayer_script.js:320:21
🔧 IA equipó: Rocín aiplayer_script.js:328:21
🔍 Jugador 1, gameMode: ai, playerCount: 4, isAI: false script_modular.js:346:17
🔍 Jugador 2, gameMode: ai, playerCount: 4, isAI: true script_modular.js:346:17
🔍 Jugador 3, gameMode: ai, playerCount: 4, isAI: true script_modular.js:346:17
🔍 Jugador 4, gameMode: ai, playerCount: 4, isAI: true script_modular.js:346:17
🤖 IA: Turno completado, listo para finalizar aiplayer_script.js:348:21
🔍 DEBUG: Condiciones para terminar turno: hasDrawn=true, librosMode=false, hasPlayed=true, aiSelectionHandled=false, isAI=true aiplayer_script.js:51:17
🤖 IA terminando turno... aiplayer_script.js:54:21
🔍 Jugador 1, gameMode: ai, playerCount: 4, isAI: false script_modular.js:346:17
🔍 Jugador 2, gameMode: ai, playerCount: 4, isAI: true script_modular.js:346:17
🔍 Jugador 3, gameMode: ai, playerCount: 4, isAI: true script_modular.js:346:17
🔍 Jugador 4, gameMode: ai, playerCount: 4, isAI: true 3 script_modular.js:346:17
🤖 El siguiente jugador es IA, ejecutando turno automáticamente script_modular.js:234:25
🤖 Turno de IA: Jugador 4 aiplayer_script.js:21:17
📊 CONTEO DE CARTAS (Turno IA): aiplayer_script.js:918:17
  📋 En manos: 12 cartas aiplayer_script.js:919:17
  🛡️ Equipadas: 3 cartas aiplayer_script.js:920:17
  🃏 En mazo: 37 cartas aiplayer_script.js:921:17
  🗑️ En descarte: 0 cartas aiplayer_script.js:922:17
  📈 TOTAL: 52/52 cartas aiplayer_script.js:923:17
🤖 IA robando carta... aiplayer_script.js:32:21
[DEBUG] drawCard: Jugador 4 robando "Molino de viento". Mano antes: 3 cartas, mazo: 37 cartas normal_script.js:159:21
[DEBUG] drawCard: Jugador 4 robó "Molino de viento". Mano después: 4 cartas, mazo: 36 cartas normal_script.js:165:21
🤖 IA jugando carta... aiplayer_script.js:39:21
🔍 IA evaluando estratégicamente las cartas... aiplayer_script.js:70:17
🤖 IA: Yelmo = valor 100 aiplayer_script.js:79:21
🤖 IA: Rocín = valor 100 aiplayer_script.js:79:21
🤖 IA: Cuando las barbas veas cortar… = valor 60 aiplayer_script.js:79:21
🤖 IA: Molino de viento = valor 100 aiplayer_script.js:79:21
🤖 IA seleccionó estratégicamente: Yelmo (valor: 100) aiplayer_script.js:87:17
🤖 IA JUGANDO CARTA: Yelmo (complemento) - Índice: 0 aiplayer_script.js:101:17
⚙️ IA OPCIONES DE JUEGO: Yelmo (complemento) - Índice: 0 aiplayer_script.js:139:17
[DEBUG] addEquipment IA: Equipando "Yelmo" como yelmo. Mano antes: 4 cartas aiplayer_script.js:316:21
[DEBUG] addEquipment IA: "Yelmo" removida de la mano. Mano después: 3 cartas aiplayer_script.js:319:21
✅ CARTA EQUIPADA: Yelmo removida de la mano aiplayer_script.js:320:21
🔧 IA equipó: Yelmo aiplayer_script.js:328:21
🔍 Jugador 1, gameMode: ai, playerCount: 4, isAI: false script_modular.js:346:17
🔍 Jugador 2, gameMode: ai, playerCount: 4, isAI: true script_modular.js:346:17
🔍 Jugador 3, gameMode: ai, playerCount: 4, isAI: true script_modular.js:346:17
🔍 Jugador 4, gameMode: ai, playerCount: 4, isAI: true script_modular.js:346:17
🤖 IA: Turno completado, listo para finalizar aiplayer_script.js:348:21
🔍 DEBUG: Condiciones para terminar turno: hasDrawn=true, librosMode=false, hasPlayed=true, aiSelectionHandled=false, isAI=true aiplayer_script.js:51:17
🤖 IA terminando turno... aiplayer_script.js:54:21
🔍 Jugador 1, gameMode: ai, playerCount: 4, isAI: false 4 script_modular.js:346:17
🔍 Jugador 2, gameMode: ai, playerCount: 4, isAI: true script_modular.js:346:17
🔍 Jugador 3, gameMode: ai, playerCount: 4, isAI: true script_modular.js:346:17
🔍 Jugador 4, gameMode: ai, playerCount: 4, isAI: true script_modular.js:346:17
🔍 Jugador 1, gameMode: ai, playerCount: 4, isAI: false script_modular.js:346:17
📊 CONTEO DE CARTAS (Turno Humano): script_modular.js:678:17
  📋 En manos: 12 cartas script_modular.js:679:17
  🛡️ Equipadas: 4 cartas script_modular.js:680:17
  🃏 En mazo: 36 cartas script_modular.js:681:17
  🗑️ En descarte: 0 cartas script_modular.js:682:17
  📈 TOTAL: 52/52 cartas script_modular.js:683:17
🔍 Jugador 1, gameMode: ai, playerCount: 4, isAI: false script_modular.js:346:17
[DEBUG] drawCard: Jugador 1 robando "Oferta de ínsula". Mano antes: 3 cartas, mazo: 36 cartas normal_script.js:159:21
[DEBUG] drawCard: Jugador 1 robó "Oferta de ínsula". Mano después: 4 cartas, mazo: 35 cartas normal_script.js:165:21
🔍 Jugador 1, gameMode: ai, playerCount: 4, isAI: false 5 script_modular.js:346:17
🔍 Jugador 2, gameMode: ai, playerCount: 4, isAI: true script_modular.js:346:17
🔍 Jugador 3, gameMode: ai, playerCount: 4, isAI: true script_modular.js:346:17
🔍 Jugador 4, gameMode: ai, playerCount: 4, isAI: true script_modular.js:346:17
🔍 Jugador 1, gameMode: ai, playerCount: 4, isAI: false script_modular.js:346:17
🔍 Jugador 1, gameMode: ai, playerCount: 4, isAI: false script_modular.js:346:17
🔍 [DEBUG] playCard INICIADO - Índice: 1, Fase: play, hasPlayed: false, librosMode: false human_script.js:19:17
🎯 HUMANO JUGANDO CARTA: Lanza (complemento) - Índice: 1 human_script.js:34:17
🔍 [DEBUG] playCard - Mano antes de jugar: 4 cartas human_script.js:35:17
⚙️ HUMANO OPCIONES DE JUEGO: Lanza (complemento) - Índice: 1 human_script.js:92:17
🔍 [DEBUG] showPlayOptions - Carta: Lanza, Categoría: complemento, Tipo: lanza human_script.js:93:17
🔧 [DEBUG] showPlayOptions - Ejecutando addEquipment para complemento human_script.js:96:21
[DEBUG] addEquipment HUMANO: Equipando "Lanza" como lanza. Mano antes: 4 cartas human_script.js:173:21
[DEBUG] addEquipment HUMANO: "Lanza" removida de la mano. Mano después: 3 cartas human_script.js:176:21
✅ CARTA EQUIPADA: Lanza removida de la mano human_script.js:179:25
🔧 HUMANO equipó: Lanza human_script.js:193:21
🔍 Jugador 1, gameMode: ai, playerCount: 4, isAI: false 4 script_modular.js:346:17
🔍 Jugador 2, gameMode: ai, playerCount: 4, isAI: true script_modular.js:346:17
🔍 Jugador 3, gameMode: ai, playerCount: 4, isAI: true script_modular.js:346:17
🔍 Jugador 4, gameMode: ai, playerCount: 4, isAI: true script_modular.js:346:17
🔄 MODO AI: Finalizando turno automáticamente después de equipar human_script.js:214:21
🔍 Jugador 1, gameMode: ai, playerCount: 4, isAI: false script_modular.js:346:17
🔍 Jugador 2, gameMode: ai, playerCount: 4, isAI: true script_modular.js:346:17
🔍 Jugador 3, gameMode: ai, playerCount: 4, isAI: true script_modular.js:346:17
🔍 Jugador 4, gameMode: ai, playerCount: 4, isAI: true script_modular.js:346:17
🔍 Jugador 2, gameMode: ai, playerCount: 4, isAI: true 2 script_modular.js:346:17
🤖 El siguiente jugador es IA, ejecutando turno automáticamente script_modular.js:234:25
🤖 Turno de IA: Jugador 2 aiplayer_script.js:21:17
📊 CONTEO DE CARTAS (Turno IA): aiplayer_script.js:918:17
  📋 En manos: 12 cartas aiplayer_script.js:919:17
  🛡️ Equipadas: 5 cartas aiplayer_script.js:920:17
  🃏 En mazo: 35 cartas aiplayer_script.js:921:17
  🗑️ En descarte: 0 cartas aiplayer_script.js:922:17
  📈 TOTAL: 52/52 cartas aiplayer_script.js:923:17
🤖 IA robando carta... aiplayer_script.js:32:21
[DEBUG] drawCard: Jugador 2 robando "Princesa Micomicona". Mano antes: 3 cartas, mazo: 35 cartas normal_script.js:159:21
[DEBUG] drawCard: Jugador 2 robó "Princesa Micomicona". Mano después: 4 cartas, mazo: 34 cartas normal_script.js:165:21
🤖 IA jugando carta... aiplayer_script.js:39:21
🔍 IA evaluando estratégicamente las cartas... aiplayer_script.js:70:17
🤖 IA: Princesa Micomicona = valor 70 aiplayer_script.js:79:21
🤖 IA: Yelmo = valor 100 aiplayer_script.js:79:21
🤖 IA: De tal palo, tal astilla = valor 60 aiplayer_script.js:79:21
🤖 IA: Princesa Micomicona = valor 70 aiplayer_script.js:79:21
🤖 IA seleccionó estratégicamente: Yelmo (valor: 100) aiplayer_script.js:87:17
🤖 IA JUGANDO CARTA: Yelmo (complemento) - Índice: 1 aiplayer_script.js:101:17
⚙️ IA OPCIONES DE JUEGO: Yelmo (complemento) - Índice: 1 aiplayer_script.js:139:17
[DEBUG] addEquipment IA: Equipando "Yelmo" como yelmo. Mano antes: 4 cartas aiplayer_script.js:316:21
[DEBUG] addEquipment IA: "Yelmo" removida de la mano. Mano después: 3 cartas aiplayer_script.js:319:21
✅ CARTA EQUIPADA: Yelmo removida de la mano aiplayer_script.js:320:21
🔧 IA equipó: Yelmo aiplayer_script.js:328:21
🔍 Jugador 1, gameMode: ai, playerCount: 4, isAI: false script_modular.js:346:17
🔍 Jugador 2, gameMode: ai, playerCount: 4, isAI: true script_modular.js:346:17
🔍 Jugador 3, gameMode: ai, playerCount: 4, isAI: true script_modular.js:346:17
🔍 Jugador 4, gameMode: ai, playerCount: 4, isAI: true script_modular.js:346:17
🤖 IA: Turno completado, listo para finalizar aiplayer_script.js:348:21
🔍 DEBUG: Condiciones para terminar turno: hasDrawn=true, librosMode=false, hasPlayed=true, aiSelectionHandled=false, isAI=true aiplayer_script.js:51:17
🤖 IA terminando turno... aiplayer_script.js:54:21
🔍 Jugador 1, gameMode: ai, playerCount: 4, isAI: false script_modular.js:346:17
🔍 Jugador 2, gameMode: ai, playerCount: 4, isAI: true script_modular.js:346:17
🔍 Jugador 3, gameMode: ai, playerCount: 4, isAI: true script_modular.js:346:17
🔍 Jugador 4, gameMode: ai, playerCount: 4, isAI: true script_modular.js:346:17
🔍 Jugador 3, gameMode: ai, playerCount: 4, isAI: true 2 script_modular.js:346:17
🤖 El siguiente jugador es IA, ejecutando turno automáticamente script_modular.js:234:25
🤖 Turno de IA: Jugador 3 aiplayer_script.js:21:17
📊 CONTEO DE CARTAS (Turno IA): aiplayer_script.js:918:17
  📋 En manos: 12 cartas aiplayer_script.js:919:17
  🛡️ Equipadas: 6 cartas aiplayer_script.js:920:17
  🃏 En mazo: 34 cartas aiplayer_script.js:921:17
  🗑️ En descarte: 0 cartas aiplayer_script.js:922:17
  📈 TOTAL: 52/52 cartas aiplayer_script.js:923:17
🤖 IA robando carta... aiplayer_script.js:32:21
[DEBUG] drawCard: Jugador 3 robando "Yelmo". Mano antes: 3 cartas, mazo: 34 cartas normal_script.js:159:21
[DEBUG] drawCard: Jugador 3 robó "Yelmo". Mano después: 4 cartas, mazo: 33 cartas normal_script.js:165:21
🤖 IA jugando carta... aiplayer_script.js:39:21
🔍 IA evaluando estratégicamente las cartas... aiplayer_script.js:70:17
🤖 IA: De tal palo, tal astilla = valor 60 aiplayer_script.js:79:21
🤖 IA: Bacía de barbero = valor 80 aiplayer_script.js:79:21
🤖 IA: Lanza = valor 100 aiplayer_script.js:79:21
🤖 IA: Yelmo = valor 100 aiplayer_script.js:79:21
🤖 IA seleccionó estratégicamente: Lanza (valor: 100) aiplayer_script.js:87:17
🤖 IA JUGANDO CARTA: Lanza (complemento) - Índice: 2 aiplayer_script.js:101:17
⚙️ IA OPCIONES DE JUEGO: Lanza (complemento) - Índice: 2 aiplayer_script.js:139:17
[DEBUG] addEquipment IA: Equipando "Lanza" como lanza. Mano antes: 4 cartas aiplayer_script.js:316:21
[DEBUG] addEquipment IA: "Lanza" removida de la mano. Mano después: 3 cartas aiplayer_script.js:319:21
✅ CARTA EQUIPADA: Lanza removida de la mano aiplayer_script.js:320:21
🔧 IA equipó: Lanza aiplayer_script.js:328:21
🔍 Jugador 1, gameMode: ai, playerCount: 4, isAI: false script_modular.js:346:17
🔍 Jugador 2, gameMode: ai, playerCount: 4, isAI: true script_modular.js:346:17
🔍 Jugador 3, gameMode: ai, playerCount: 4, isAI: true script_modular.js:346:17
🔍 Jugador 4, gameMode: ai, playerCount: 4, isAI: true script_modular.js:346:17
🤖 IA: Turno completado, listo para finalizar aiplayer_script.js:348:21
🔍 DEBUG: Condiciones para terminar turno: hasDrawn=true, librosMode=false, hasPlayed=true, aiSelectionHandled=false, isAI=true aiplayer_script.js:51:17
🤖 IA terminando turno... aiplayer_script.js:54:21
🔍 Jugador 1, gameMode: ai, playerCount: 4, isAI: false script_modular.js:346:17
🔍 Jugador 2, gameMode: ai, playerCount: 4, isAI: true script_modular.js:346:17
🔍 Jugador 3, gameMode: ai, playerCount: 4, isAI: true script_modular.js:346:17
🔍 Jugador 4, gameMode: ai, playerCount: 4, isAI: true 3 script_modular.js:346:17
🤖 El siguiente jugador es IA, ejecutando turno automáticamente script_modular.js:234:25
🤖 Turno de IA: Jugador 4 aiplayer_script.js:21:17
📊 CONTEO DE CARTAS (Turno IA): aiplayer_script.js:918:17
  📋 En manos: 12 cartas aiplayer_script.js:919:17
  🛡️ Equipadas: 7 cartas aiplayer_script.js:920:17
  🃏 En mazo: 33 cartas aiplayer_script.js:921:17
  🗑️ En descarte: 0 cartas aiplayer_script.js:922:17
  📈 TOTAL: 52/52 cartas aiplayer_script.js:923:17
🤖 IA robando carta... aiplayer_script.js:32:21
[DEBUG] drawCard: Jugador 4 robando "Pies a tierra". Mano antes: 3 cartas, mazo: 33 cartas normal_script.js:159:21
[DEBUG] drawCard: Jugador 4 robó "Pies a tierra". Mano después: 4 cartas, mazo: 32 cartas normal_script.js:165:21
🤖 IA jugando carta... aiplayer_script.js:39:21
🔍 IA evaluando estratégicamente las cartas... aiplayer_script.js:70:17
🤖 IA: Rocín = valor 100 aiplayer_script.js:79:21
🤖 IA: Cuando las barbas veas cortar… = valor 60 aiplayer_script.js:79:21
🤖 IA: Molino de viento = valor 100 aiplayer_script.js:79:21
🤖 IA: Pies a tierra = valor 80 aiplayer_script.js:79:21
🤖 IA seleccionó estratégicamente: Rocín (valor: 100) aiplayer_script.js:87:17
🤖 IA JUGANDO CARTA: Rocín (complemento) - Índice: 0 aiplayer_script.js:101:17
⚙️ IA OPCIONES DE JUEGO: Rocín (complemento) - Índice: 0 aiplayer_script.js:139:17
[DEBUG] addEquipment IA: Equipando "Rocín" como rocin. Mano antes: 4 cartas aiplayer_script.js:316:21
[DEBUG] addEquipment IA: "Rocín" removida de la mano. Mano después: 3 cartas aiplayer_script.js:319:21
✅ CARTA EQUIPADA: Rocín removida de la mano aiplayer_script.js:320:21
🔧 IA equipó: Rocín aiplayer_script.js:328:21
🔍 Jugador 1, gameMode: ai, playerCount: 4, isAI: false script_modular.js:346:17
🔍 Jugador 2, gameMode: ai, playerCount: 4, isAI: true script_modular.js:346:17
🔍 Jugador 3, gameMode: ai, playerCount: 4, isAI: true script_modular.js:346:17
🔍 Jugador 4, gameMode: ai, playerCount: 4, isAI: true script_modular.js:346:17
🤖 IA: Turno completado, listo para finalizar aiplayer_script.js:348:21
🔍 DEBUG: Condiciones para terminar turno: hasDrawn=true, librosMode=false, hasPlayed=true, aiSelectionHandled=false, isAI=true aiplayer_script.js:51:17
🤖 IA terminando turno... aiplayer_script.js:54:21
🔍 Jugador 1, gameMode: ai, playerCount: 4, isAI: false 4 script_modular.js:346:17
🔍 Jugador 2, gameMode: ai, playerCount: 4, isAI: true script_modular.js:346:17
🔍 Jugador 3, gameMode: ai, playerCount: 4, isAI: true script_modular.js:346:17
🔍 Jugador 4, gameMode: ai, playerCount: 4, isAI: true script_modular.js:346:17
🔍 Jugador 1, gameMode: ai, playerCount: 4, isAI: false script_modular.js:346:17
📊 CONTEO DE CARTAS (Turno Humano): script_modular.js:678:17
  📋 En manos: 12 cartas script_modular.js:679:17
  🛡️ Equipadas: 8 cartas script_modular.js:680:17
  🃏 En mazo: 32 cartas script_modular.js:681:17
  🗑️ En descarte: 0 cartas script_modular.js:682:17
  📈 TOTAL: 52/52 cartas script_modular.js:683:17
🔍 Jugador 1, gameMode: ai, playerCount: 4, isAI: false script_modular.js:346:17
[DEBUG] drawCard: Jugador 1 robando "Libros de caballería". Mano antes: 3 cartas, mazo: 32 cartas normal_script.js:159:21
[DEBUG] drawCard: Jugador 1 robó "Libros de caballería". Mano después: 4 cartas, mazo: 31 cartas normal_script.js:165:21
🔍 Jugador 1, gameMode: ai, playerCount: 4, isAI: false 5 script_modular.js:346:17
🔍 Jugador 2, gameMode: ai, playerCount: 4, isAI: true script_modular.js:346:17
🔍 Jugador 3, gameMode: ai, playerCount: 4, isAI: true script_modular.js:346:17
🔍 Jugador 4, gameMode: ai, playerCount: 4, isAI: true script_modular.js:346:17
🔍 Jugador 1, gameMode: ai, playerCount: 4, isAI: false script_modular.js:346:17
🔍 Jugador 1, gameMode: ai, playerCount: 4, isAI: false script_modular.js:346:17
🔍 [DEBUG] playCard INICIADO - Índice: 0, Fase: play, hasPlayed: false, librosMode: false human_script.js:19:17
🎯 HUMANO JUGANDO CARTA: Cuando las barbas veas cortar… (doble-accion) - Índice: 0 human_script.js:34:17
🔍 [DEBUG] playCard - Mano antes de jugar: 4 cartas human_script.js:35:17
⚙️ HUMANO OPCIONES DE JUEGO: Cuando las barbas veas cortar… (doble-accion) - Índice: 0 human_script.js:92:17
🔍 [DEBUG] showPlayOptions - Carta: Cuando las barbas veas cortar…, Categoría: doble-accion, Tipo: barbas human_script.js:93:17
🔄 [DEBUG] showPlayOptions - Ejecutando showProtectionOrStealModal para doble-accion human_script.js:103:21
🔄 HUMANO MOSTRANDO OPCIONES DOBLE ACCIÓN: Cuando las barbas veas cortar… - Índice: 0 human_script.js:477:17
🔍 [DEBUG] showProtectionOrStealModal - Carta: Cuando las barbas veas cortar…, Target: yelmo, Índice: 0 human_script.js:478:17
🔍 [DEBUG] showProtectionOrStealModal - Puede proteger: true, Puede robar: true human_script.js:490:17
🔍 [DEBUG] showProtectionOrStealModal - Jugadores con equipamiento: 2 human_script.js:491:17
🔍 [DEBUG] showProtectionOrStealModal - hasEquipment: true, equipment[yelmo]: Yelmo human_script.js:492:17
🛡️ [DEBUG] showProtectionOrStealModal - Opción PROTEGER seleccionada human_script.js:524:21
🔍 [DEBUG] showProtectionOrStealModal - Llamando protectEquipment(yelmo) human_script.js:525:21
🛡️ [DEBUG] protectEquipment INICIADO - equipmentType: yelmo, currentCardIndex: 0 human_script.js:674:17
🔍 [DEBUG] protectEquipment - Equipamiento encontrado: Yelmo human_script.js:678:21
[DEBUG] protectEquipment HUMANO: Protección aplicada: Cuando las barbas veas cortar… sobre yelmo. Mano antes: 4 cartas, Mano después: 3 cartas human_script.js:683:25
🛡️ CARTA DE DOBLE ACCIÓN EQUIPADA COMO PROTECCIÓN: Cuando las barbas veas cortar… sobre Yelmo human_script.js:687:25
🔍 [DEBUG] protectEquipment - Carta equipada como protección: Cuando las barbas veas cortar… human_script.js:688:25
🔍 Jugador 1, gameMode: ai, playerCount: 4, isAI: false 4 script_modular.js:346:17
🔍 Jugador 2, gameMode: ai, playerCount: 4, isAI: true script_modular.js:346:17
🔍 Jugador 3, gameMode: ai, playerCount: 4, isAI: true script_modular.js:346:17
🔍 Jugador 4, gameMode: ai, playerCount: 4, isAI: true script_modular.js:346:17
🔄 MODO AI: Finalizando turno automáticamente después de proteger con doble acción human_script.js:706:25
✅ [DEBUG] protectEquipment COMPLETADO - hasPlayed=true, currentCardIndex=undefined human_script.js:725:17
🔍 [DEBUG] showProtectionOrStealModal - protectEquipment completado human_script.js:527:21
🔍 [DEBUG] showProtectionOrStealModal - Estado después de proteger: hasPlayed=true, currentCardIndex=undefined human_script.js:535:21
🔍 Jugador 1, gameMode: ai, playerCount: 4, isAI: false 4 script_modular.js:346:17
🔍 Jugador 2, gameMode: ai, playerCount: 4, isAI: true script_modular.js:346:17
🔍 Jugador 3, gameMode: ai, playerCount: 4, isAI: true script_modular.js:346:17
🔍 Jugador 4, gameMode: ai, playerCount: 4, isAI: true script_modular.js:346:17
🔍 Jugador 1, gameMode: ai, playerCount: 4, isAI: false script_modular.js:346:17
🔍 Jugador 2, gameMode: ai, playerCount: 4, isAI: true script_modular.js:346:17
🔍 Jugador 3, gameMode: ai, playerCount: 4, isAI: true script_modular.js:346:17
🔍 Jugador 4, gameMode: ai, playerCount: 4, isAI: true script_modular.js:346:17
🔍 Jugador 2, gameMode: ai, playerCount: 4, isAI: true 2 script_modular.js:346:17
🤖 El siguiente jugador es IA, ejecutando turno automáticamente script_modular.js:234:25
🤖 Turno de IA: Jugador 2 aiplayer_script.js:21:17
📊 CONTEO DE CARTAS (Turno IA): aiplayer_script.js:918:17
  📋 En manos: 12 cartas aiplayer_script.js:919:17
  🛡️ Equipadas: 9 cartas aiplayer_script.js:920:17
  🃏 En mazo: 31 cartas aiplayer_script.js:921:17
  🗑️ En descarte: 0 cartas aiplayer_script.js:922:17
  📈 TOTAL: 52/52 cartas aiplayer_script.js:923:17
🤖 IA robando carta... aiplayer_script.js:32:21
[DEBUG] drawCard: Jugador 2 robando "Escudero". Mano antes: 3 cartas, mazo: 31 cartas normal_script.js:159:21
[DEBUG] drawCard: Jugador 2 robó "Escudero". Mano después: 4 cartas, mazo: 30 cartas normal_script.js:165:21
🤖 IA jugando carta... aiplayer_script.js:39:21
🔍 IA evaluando estratégicamente las cartas... aiplayer_script.js:70:17
🤖 IA: Princesa Micomicona = valor 70 aiplayer_script.js:79:21
🤖 IA: De tal palo, tal astilla = valor 60 aiplayer_script.js:79:21
🤖 IA: Princesa Micomicona = valor 70 aiplayer_script.js:79:21
🤖 IA: Escudero = valor 100 aiplayer_script.js:79:21
🤖 IA seleccionó estratégicamente: Escudero (valor: 100) aiplayer_script.js:87:17
🤖 IA JUGANDO CARTA: Escudero (complemento) - Índice: 3 aiplayer_script.js:101:17
⚙️ IA OPCIONES DE JUEGO: Escudero (complemento) - Índice: 3 aiplayer_script.js:139:17
[DEBUG] addEquipment IA: Equipando "Escudero" como escudero. Mano antes: 4 cartas aiplayer_script.js:316:21
[DEBUG] addEquipment IA: "Escudero" removida de la mano. Mano después: 3 cartas aiplayer_script.js:319:21
✅ CARTA EQUIPADA: Escudero removida de la mano aiplayer_script.js:320:21
🔧 IA equipó: Escudero aiplayer_script.js:328:21
🔍 Jugador 1, gameMode: ai, playerCount: 4, isAI: false script_modular.js:346:17
🔍 Jugador 2, gameMode: ai, playerCount: 4, isAI: true script_modular.js:346:17
🔍 Jugador 3, gameMode: ai, playerCount: 4, isAI: true script_modular.js:346:17
🔍 Jugador 4, gameMode: ai, playerCount: 4, isAI: true script_modular.js:346:17
🤖 IA: Turno completado, listo para finalizar aiplayer_script.js:348:21
🔍 DEBUG: Condiciones para terminar turno: hasDrawn=true, librosMode=false, hasPlayed=true, aiSelectionHandled=false, isAI=true aiplayer_script.js:51:17
🤖 IA terminando turno... aiplayer_script.js:54:21
🔍 Jugador 1, gameMode: ai, playerCount: 4, isAI: false script_modular.js:346:17
🔍 Jugador 2, gameMode: ai, playerCount: 4, isAI: true script_modular.js:346:17
🔍 Jugador 3, gameMode: ai, playerCount: 4, isAI: true script_modular.js:346:17
🔍 Jugador 4, gameMode: ai, playerCount: 4, isAI: true script_modular.js:346:17
🔍 Jugador 3, gameMode: ai, playerCount: 4, isAI: true 2 script_modular.js:346:17
🤖 El siguiente jugador es IA, ejecutando turno automáticamente script_modular.js:234:25
🤖 Turno de IA: Jugador 3 aiplayer_script.js:21:17
📊 CONTEO DE CARTAS (Turno IA): aiplayer_script.js:918:17
  📋 En manos: 12 cartas aiplayer_script.js:919:17
  🛡️ Equipadas: 10 cartas aiplayer_script.js:920:17
  🃏 En mazo: 30 cartas aiplayer_script.js:921:17
  🗑️ En descarte: 0 cartas aiplayer_script.js:922:17
  📈 TOTAL: 52/52 cartas aiplayer_script.js:923:17
🤖 IA robando carta... aiplayer_script.js:32:21
[DEBUG] drawCard: Jugador 3 robando "A caballo regalado…". Mano antes: 3 cartas, mazo: 30 cartas normal_script.js:159:21
[DEBUG] drawCard: Jugador 3 robó "A caballo regalado…". Mano después: 4 cartas, mazo: 29 cartas normal_script.js:165:21
🤖 IA jugando carta... aiplayer_script.js:39:21
🔍 IA evaluando estratégicamente las cartas... aiplayer_script.js:70:17
🤖 IA: De tal palo, tal astilla = valor 60 aiplayer_script.js:79:21
🤖 IA: Bacía de barbero = valor 80 aiplayer_script.js:79:21
🤖 IA: Yelmo = valor 100 aiplayer_script.js:79:21
🤖 IA: A caballo regalado… = valor 60 aiplayer_script.js:79:21
🤖 IA seleccionó estratégicamente: Yelmo (valor: 100) aiplayer_script.js:87:17
🤖 IA JUGANDO CARTA: Yelmo (complemento) - Índice: 2 aiplayer_script.js:101:17
⚙️ IA OPCIONES DE JUEGO: Yelmo (complemento) - Índice: 2 aiplayer_script.js:139:17
[DEBUG] addEquipment IA: Equipando "Yelmo" como yelmo. Mano antes: 4 cartas aiplayer_script.js:316:21
[DEBUG] addEquipment IA: "Yelmo" removida de la mano. Mano después: 3 cartas aiplayer_script.js:319:21
✅ CARTA EQUIPADA: Yelmo removida de la mano aiplayer_script.js:320:21
🔧 IA equipó: Yelmo aiplayer_script.js:328:21
🔍 Jugador 1, gameMode: ai, playerCount: 4, isAI: false script_modular.js:346:17
🔍 Jugador 2, gameMode: ai, playerCount: 4, isAI: true script_modular.js:346:17
🔍 Jugador 3, gameMode: ai, playerCount: 4, isAI: true script_modular.js:346:17
🔍 Jugador 4, gameMode: ai, playerCount: 4, isAI: true script_modular.js:346:17
🤖 IA: Turno completado, listo para finalizar aiplayer_script.js:348:21
🔍 DEBUG: Condiciones para terminar turno: hasDrawn=true, librosMode=false, hasPlayed=true, aiSelectionHandled=false, isAI=true aiplayer_script.js:51:17
🤖 IA terminando turno... aiplayer_script.js:54:21
🔍 Jugador 1, gameMode: ai, playerCount: 4, isAI: false script_modular.js:346:17
🔍 Jugador 2, gameMode: ai, playerCount: 4, isAI: true script_modular.js:346:17
🔍 Jugador 3, gameMode: ai, playerCount: 4, isAI: true script_modular.js:346:17
🔍 Jugador 4, gameMode: ai, playerCount: 4, isAI: true 3 script_modular.js:346:17
🤖 El siguiente jugador es IA, ejecutando turno automáticamente script_modular.js:234:25
🤖 Turno de IA: Jugador 4 aiplayer_script.js:21:17
📊 CONTEO DE CARTAS (Turno IA): aiplayer_script.js:918:17
  📋 En manos: 12 cartas aiplayer_script.js:919:17
  🛡️ Equipadas: 11 cartas aiplayer_script.js:920:17
  🃏 En mazo: 29 cartas aiplayer_script.js:921:17
  🗑️ En descarte: 0 cartas aiplayer_script.js:922:17
  📈 TOTAL: 52/52 cartas aiplayer_script.js:923:17
🤖 IA robando carta... aiplayer_script.js:32:21
[DEBUG] drawCard: Jugador 4 robando "A caballo regalado…". Mano antes: 3 cartas, mazo: 29 cartas normal_script.js:159:21
[DEBUG] drawCard: Jugador 4 robó "A caballo regalado…". Mano después: 4 cartas, mazo: 28 cartas normal_script.js:165:21
🤖 IA jugando carta... aiplayer_script.js:39:21
🔍 IA evaluando estratégicamente las cartas... aiplayer_script.js:70:17
🤖 IA: Cuando las barbas veas cortar… = valor 60 aiplayer_script.js:79:21
🤖 IA: Molino de viento = valor 100 aiplayer_script.js:79:21
🤖 IA: Pies a tierra = valor 80 aiplayer_script.js:79:21
🤖 IA: A caballo regalado… = valor 60 aiplayer_script.js:79:21
🤖 IA seleccionó estratégicamente: Molino de viento (valor: 100) aiplayer_script.js:87:17
🤖 IA JUGANDO CARTA: Molino de viento (evento) - Índice: 1 aiplayer_script.js:101:17
📤 IA DESCARTANDO CARTA: Molino de viento - Índice: 1 aiplayer_script.js:115:17
🎯 IA EJECUTANDO EFECTO: Molino de viento (evento) aiplayer_script.js:170:17
🌪️ IA activó Molino de viento aiplayer_script.js:545:17
🔍 DEBUG: playCardToDiscard - requiresInteraction=false, card.type=molino aiplayer_script.js:122:17
🔍 DEBUG: Condiciones para terminar turno: hasDrawn=true, librosMode=false, hasPlayed=true, aiSelectionHandled=false, isAI=true aiplayer_script.js:51:17
🤖 IA terminando turno... aiplayer_script.js:54:21
🔍 Jugador 1, gameMode: ai, playerCount: 4, isAI: false 4 script_modular.js:346:17
🔍 Jugador 2, gameMode: ai, playerCount: 4, isAI: true script_modular.js:346:17
🔍 Jugador 3, gameMode: ai, playerCount: 4, isAI: true script_modular.js:346:17
🔍 Jugador 4, gameMode: ai, playerCount: 4, isAI: true script_modular.js:346:17
🔍 Jugador 1, gameMode: ai, playerCount: 4, isAI: false script_modular.js:346:17
📊 CONTEO DE CARTAS (Turno Humano): script_modular.js:678:17
  📋 En manos: 12 cartas script_modular.js:679:17
  🛡️ Equipadas: 11 cartas script_modular.js:680:17
  🃏 En mazo: 28 cartas script_modular.js:681:17
  🗑️ En descarte: 1 cartas script_modular.js:682:17
  📈 TOTAL: 52/52 cartas script_modular.js:683:17
🔍 Jugador 1, gameMode: ai, playerCount: 4, isAI: false script_modular.js:346:17
[DEBUG] drawCard: Jugador 1 robando "Flaqueza y mala traza". Mano antes: 3 cartas, mazo: 28 cartas normal_script.js:159:21
[DEBUG] drawCard: Jugador 1 robó "Flaqueza y mala traza". Mano después: 4 cartas, mazo: 27 cartas normal_script.js:165:21
🔍 Jugador 1, gameMode: ai, playerCount: 4, isAI: false 5 script_modular.js:346:17
🔍 Jugador 2, gameMode: ai, playerCount: 4, isAI: true script_modular.js:346:17
🔍 Jugador 3, gameMode: ai, playerCount: 4, isAI: true script_modular.js:346:17
🔍 Jugador 4, gameMode: ai, playerCount: 4, isAI: true script_modular.js:346:17
🔍 Jugador 1, gameMode: ai, playerCount: 4, isAI: false script_modular.js:346:17
🔍 Jugador 1, gameMode: ai, playerCount: 4, isAI: false script_modular.js:346:17
🔍 [DEBUG] playCard INICIADO - Índice: 1, Fase: play, hasPlayed: false, librosMode: false human_script.js:19:17
🎯 HUMANO JUGANDO CARTA: Oferta de ínsula (doble-accion) - Índice: 1 human_script.js:34:17
🔍 [DEBUG] playCard - Mano antes de jugar: 4 cartas human_script.js:35:17
⚙️ HUMANO OPCIONES DE JUEGO: Oferta de ínsula (doble-accion) - Índice: 1 human_script.js:92:17
🔍 [DEBUG] showPlayOptions - Carta: Oferta de ínsula, Categoría: doble-accion, Tipo: insula human_script.js:93:17
🔄 [DEBUG] showPlayOptions - Ejecutando showProtectionOrStealModal para doble-accion human_script.js:103:21
🔄 HUMANO MOSTRANDO OPCIONES DOBLE ACCIÓN: Oferta de ínsula - Índice: 1 human_script.js:477:17
🔍 [DEBUG] showProtectionOrStealModal - Carta: Oferta de ínsula, Target: escudero, Índice: 1 human_script.js:478:17
🔍 [DEBUG] showProtectionOrStealModal - Puede proteger: false, Puede robar: true human_script.js:490:17
🔍 [DEBUG] showProtectionOrStealModal - Jugadores con equipamiento: 1 human_script.js:491:17
🔍 [DEBUG] showProtectionOrStealModal - hasEquipment: false, equipment[escudero]: null human_script.js:492:17
🔄 [DEBUG] showProtectionOrStealModal - Opción ROBAR seleccionada human_script.js:547:21
👥 HUMANO MOSTRANDO SELECCIÓN DE JUGADOR: Oferta de ínsula - Índice: 1 human_script.js:241:17
👥 HUMANO MOSTRANDO SELECCIÓN DE JUGADOR: Modo de juego: ai human_script.js:242:17
❌ ERROR: Elemento player-select-modal no encontrado en el DOM human_script.js:247:21
❌ ERROR: Creando modal dinámicamente human_script.js:248:21
✅ Modal de selección de jugador creado dinámicamente human_script.js:304:21
[DEBUG] Número de jugadores en la partida:  4 human_script.js:305:21
[DEBUG] Número de botones de jugador en el modal:  3 human_script.js:306:21
🎯 HUMANO HANDLE PLAYER SELECTION: Jugador 2 seleccionado human_script.js:371:17
🔄 HUMANO Ejecutando robo directo: escudero del Jugador 2 human_script.js:377:21
🔄 HUMANO INICIANDO ROBO: escudero del Jugador 2 human_script.js:732:17
[DEBUG] stealEquipment HUMANO: Robando "Escudero" del Jugador 2. Equipamiento antes: {"id":"escudero-0","name":"Escudero","type":"escudero","category":"complemento","target":null} human_script.js:781:21
✅ HUMANO EQUIPAMIENTO ROBADO: Escudero del Jugador 2 human_script.js:785:21
[DEBUG] stealEquipment HUMANO: "Escudero" equipado automáticamente al Jugador 1 human_script.js:789:25
🔧 HUMANO EQUIPANDO AUTOMÁTICAMENTE: Escudero human_script.js:790:25
🗑️ DISCARD_CURRENT_CARD INICIADO - Jugador: 1, Índice: 1 human_script.js:1646:17
🔍 [DEBUG] discardCurrentCard - Estado antes: hasPlayed=false, gameMode=ai, librosMode=false human_script.js:1647:17
[DEBUG] discardCurrentCard HUMANO: Jugador 1, Índice: 1, Carta: "Oferta de ínsula", Mano antes: 4 cartas human_script.js:1661:21
[DEBUG] discardCurrentCard HUMANO: "Oferta de ínsula" añadida al descarte. Mano después: 3 cartas, Descarte: 2 cartas human_script.js:1666:21
🗑️ HUMANO DESCARTÓ CARTA: Oferta de ínsula human_script.js:1667:21
🗑️ DISCARD_CURRENT_CARD - Estado después de descartar: hasPlayed=true, gameMode=ai, librosMode=false human_script.js:1673:21
🔍 Jugador 1, gameMode: ai, playerCount: 4, isAI: false 4 script_modular.js:346:17
🔍 Jugador 2, gameMode: ai, playerCount: 4, isAI: true script_modular.js:346:17
🔍 Jugador 3, gameMode: ai, playerCount: 4, isAI: true script_modular.js:346:17
🔍 Jugador 4, gameMode: ai, playerCount: 4, isAI: true script_modular.js:346:17
🔄 MODO AI: Finalizando turno automáticamente después de descartar carta human_script.js:1682:25
✅ [DEBUG] discardCurrentCard COMPLETADO - hasPlayed=true, currentCardIndex=undefined human_script.js:1710:17
🔍 Jugador 1, gameMode: ai, playerCount: 4, isAI: false 4 script_modular.js:346:17
🔍 Jugador 2, gameMode: ai, playerCount: 4, isAI: true script_modular.js:346:17
🔍 Jugador 3, gameMode: ai, playerCount: 4, isAI: true script_modular.js:346:17
🔍 Jugador 4, gameMode: ai, playerCount: 4, isAI: true script_modular.js:346:17
🔄 MODO AI: Finalizando turno automáticamente después de robar human_script.js:813:29
🔄 MODO AI: Ejecutando endTurn() desde discardCurrentCard human_script.js:1684:29
🔍 Jugador 1, gameMode: ai, playerCount: 4, isAI: false script_modular.js:346:17
🔍 Jugador 2, gameMode: ai, playerCount: 4, isAI: true script_modular.js:346:17
🔍 Jugador 3, gameMode: ai, playerCount: 4, isAI: true script_modular.js:346:17
🔍 Jugador 4, gameMode: ai, playerCount: 4, isAI: true script_modular.js:346:17
🔍 Jugador 2, gameMode: ai, playerCount: 4, isAI: true 2 script_modular.js:346:17
🤖 El siguiente jugador es IA, ejecutando turno automáticamente script_modular.js:234:25
🤖 Turno de IA: Jugador 2 aiplayer_script.js:21:17
📊 CONTEO DE CARTAS (Turno IA): aiplayer_script.js:918:17
  📋 En manos: 12 cartas aiplayer_script.js:919:17
  🛡️ Equipadas: 11 cartas aiplayer_script.js:920:17
  🃏 En mazo: 27 cartas aiplayer_script.js:921:17
  🗑️ En descarte: 2 cartas aiplayer_script.js:922:17
  📈 TOTAL: 52/52 cartas aiplayer_script.js:923:17
🤖 IA robando carta... aiplayer_script.js:32:21
[DEBUG] drawCard: Jugador 2 robando "Cuchicheos de ventero". Mano antes: 3 cartas, mazo: 27 cartas normal_script.js:159:21
[DEBUG] drawCard: Jugador 2 robó "Cuchicheos de ventero". Mano después: 4 cartas, mazo: 26 cartas normal_script.js:165:21
🤖 IA jugando carta... aiplayer_script.js:39:21
🔍 IA evaluando estratégicamente las cartas... aiplayer_script.js:70:17
🤖 IA: Princesa Micomicona = valor 70 aiplayer_script.js:79:21
🤖 IA: De tal palo, tal astilla = valor 60 aiplayer_script.js:79:21
🤖 IA: Princesa Micomicona = valor 70 aiplayer_script.js:79:21
🤖 IA: Cuchicheos de ventero = valor 70 aiplayer_script.js:79:21
🤖 IA seleccionó estratégicamente: Princesa Micomicona (valor: 70) aiplayer_script.js:87:17
🤖 IA JUGANDO CARTA: Princesa Micomicona (evento) - Índice: 0 aiplayer_script.js:101:17
📤 IA DESCARTANDO CARTA: Princesa Micomicona - Índice: 0 aiplayer_script.js:115:17
🎯 IA EJECUTANDO EFECTO: Princesa Micomicona (evento) aiplayer_script.js:170:17
🔍 DEBUG: playCardToDiscard - requiresInteraction=true, card.type=princesa aiplayer_script.js:122:17
🔍 DEBUG: Carta requiere interacción, NO removiendo de mano aún aiplayer_script.js:131:21
🔍 IA handleAISelection iniciado para Princesa Micomicona (tipo: princesa) aiplayer_script.js:192:17
🤖 IA ENVIANDO A CASA AL MÁS FUERTE: Jugador 1 (Princesa) aiplayer_script.js:207:25
🎯 IA PROCESANDO SELECCIÓN: Princesa Micomicona contra Jugador 1 aiplayer_script.js:252:17
🗑️ DONCELLA/PRINCESA: 3 cartas descartadas del Jugador 1 van al descarte aiplayer_script.js:599:17
🏠 IA envió Jugador 1 a casa aiplayer_script.js:620:17
🤖 IA: Turno completado, listo para finalizar aiplayer_script.js:624:21
🔍 DEBUG: Antes de discardCurrentCard - currentCardIndex=0, currentCard=null aiplayer_script.js:285:21
🔍 DEBUG: discardCurrentCard - currentCardIndex=0, hand.length=4 aiplayer_script.js:860:17
[DEBUG] discardCurrentCard IA: Jugador 2, Índice: 0, Carta: "Princesa Micomicona", Mano antes: 4 cartas aiplayer_script.js:872:21
[DEBUG] discardCurrentCard IA: "Princesa Micomicona" añadida al descarte. Mano después: 3 cartas, Descarte: 6 cartas aiplayer_script.js:877:21
🔍 DEBUG: Estado después de procesar Princesa Micomicona: hasDrawn=true, hasPlayed=true, aiSelectionHandled=false aiplayer_script.js:292:21
🔍 Jugador 1, gameMode: ai, playerCount: 4, isAI: false script_modular.js:346:17
🔍 Jugador 2, gameMode: ai, playerCount: 4, isAI: true script_modular.js:346:17
🔍 Jugador 3, gameMode: ai, playerCount: 4, isAI: true script_modular.js:346:17
🔍 Jugador 4, gameMode: ai, playerCount: 4, isAI: true script_modular.js:346:17
🤖 IA: Turno completado, listo para finalizar aiplayer_script.js:299:25
🤖 IA: Turno completado, listo para finalizar aiplayer_script.js:217:25
🔍 DEBUG: Condiciones para terminar turno: hasDrawn=true, librosMode=false, hasPlayed=true, aiSelectionHandled=false, isAI=true aiplayer_script.js:51:17
🤖 IA terminando turno... aiplayer_script.js:54:21
🔍 Jugador 1, gameMode: ai, playerCount: 4, isAI: false script_modular.js:346:17
🔍 Jugador 2, gameMode: ai, playerCount: 4, isAI: true script_modular.js:346:17
🔍 Jugador 3, gameMode: ai, playerCount: 4, isAI: true script_modular.js:346:17
🔍 Jugador 4, gameMode: ai, playerCount: 4, isAI: true script_modular.js:346:17
🔍 Jugador 3, gameMode: ai, playerCount: 4, isAI: true 2 script_modular.js:346:17
🤖 El siguiente jugador es IA, ejecutando turno automáticamente script_modular.js:234:25
🤖 Turno de IA: Jugador 3 aiplayer_script.js:21:17
📊 CONTEO DE CARTAS (Turno IA): aiplayer_script.js:918:17
  📋 En manos: 12 cartas aiplayer_script.js:919:17
  🛡️ Equipadas: 11 cartas aiplayer_script.js:920:17
  🃏 En mazo: 23 cartas aiplayer_script.js:921:17
  🗑️ En descarte: 6 cartas aiplayer_script.js:922:17
  📈 TOTAL: 52/52 cartas aiplayer_script.js:923:17
🤖 IA robando carta... aiplayer_script.js:32:21
[DEBUG] drawCard: Jugador 3 robando "Bacía de barbero". Mano antes: 3 cartas, mazo: 23 cartas normal_script.js:159:21
[DEBUG] drawCard: Jugador 3 robó "Bacía de barbero". Mano después: 4 cartas, mazo: 22 cartas normal_script.js:165:21
🤖 IA jugando carta... aiplayer_script.js:39:21
🔍 IA evaluando estratégicamente las cartas... aiplayer_script.js:70:17
🤖 IA: De tal palo, tal astilla = valor 60 aiplayer_script.js:79:21
🤖 IA: Bacía de barbero = valor 80 aiplayer_script.js:79:21
🤖 IA: A caballo regalado… = valor 60 aiplayer_script.js:79:21
🤖 IA: Bacía de barbero = valor 80 aiplayer_script.js:79:21
🤖 IA seleccionó estratégicamente: Bacía de barbero (valor: 80) aiplayer_script.js:87:17
🤖 IA JUGANDO CARTA: Bacía de barbero (sabotaje) - Índice: 1 aiplayer_script.js:101:17
⚙️ IA OPCIONES DE JUEGO: Bacía de barbero (sabotaje) - Índice: 1 aiplayer_script.js:139:17
🎯 IA EJECUTANDO EFECTO: Bacía de barbero (sabotaje) aiplayer_script.js:170:17
🔍 IA handleAISelection iniciado para Bacía de barbero (tipo: bacia) aiplayer_script.js:192:17
🤖 IA ATACANDO AL MÁS FUERTE: Jugador 1 (Bacía de barbero) aiplayer_script.js:201:25
🎯 IA PROCESANDO SELECCIÓN: Bacía de barbero contra Jugador 1 aiplayer_script.js:252:17
🛡️ Equipamiento protegido: yelmo del Jugador 1 normal_script.js:249:21
🗑️ PROTECCIÓN CONSUMIDA: Cuando las barbas veas cortar… va al descarte normal_script.js:255:25
🔍 DEBUG: Antes de discardCurrentCard - currentCardIndex=1, currentCard=null aiplayer_script.js:285:21
🔍 DEBUG: discardCurrentCard - currentCardIndex=1, hand.length=4 aiplayer_script.js:860:17
[DEBUG] discardCurrentCard IA: Jugador 3, Índice: 1, Carta: "Bacía de barbero", Mano antes: 4 cartas aiplayer_script.js:872:21
[DEBUG] discardCurrentCard IA: "Bacía de barbero" añadida al descarte. Mano después: 3 cartas, Descarte: 8 cartas aiplayer_script.js:877:21
🔍 DEBUG: Estado después de procesar Bacía de barbero: hasDrawn=true, hasPlayed=true, aiSelectionHandled=false aiplayer_script.js:292:21
🔍 Jugador 1, gameMode: ai, playerCount: 4, isAI: false script_modular.js:346:17
🔍 Jugador 2, gameMode: ai, playerCount: 4, isAI: true script_modular.js:346:17
🔍 Jugador 3, gameMode: ai, playerCount: 4, isAI: true script_modular.js:346:17
🔍 Jugador 4, gameMode: ai, playerCount: 4, isAI: true script_modular.js:346:17
🤖 IA: Turno completado, listo para finalizar aiplayer_script.js:299:25
🤖 IA: Turno completado, listo para finalizar aiplayer_script.js:217:25
🔍 DEBUG: Condiciones para terminar turno: hasDrawn=true, librosMode=false, hasPlayed=true, aiSelectionHandled=false, isAI=true aiplayer_script.js:51:17
🤖 IA terminando turno... aiplayer_script.js:54:21
🌪️ Molino activo para jugador 4, turnos restantes: 1 normal_script.js:201:21
🌪️ Molino terminado normal_script.js:204:25
🔍 Jugador 1, gameMode: ai, playerCount: 4, isAI: false script_modular.js:346:17
🔍 Jugador 2, gameMode: ai, playerCount: 4, isAI: true script_modular.js:346:17
🔍 Jugador 3, gameMode: ai, playerCount: 4, isAI: true script_modular.js:346:17
🔍 Jugador 4, gameMode: ai, playerCount: 4, isAI: true 3 script_modular.js:346:17
🤖 El siguiente jugador es IA, ejecutando turno automáticamente script_modular.js:234:25
🤖 Turno de IA: Jugador 4 aiplayer_script.js:21:17
📊 CONTEO DE CARTAS (Turno IA): aiplayer_script.js:918:17
  📋 En manos: 12 cartas aiplayer_script.js:919:17
  🛡️ Equipadas: 10 cartas aiplayer_script.js:920:17
  🃏 En mazo: 22 cartas aiplayer_script.js:921:17
  🗑️ En descarte: 8 cartas aiplayer_script.js:922:17
  📈 TOTAL: 52/52 cartas aiplayer_script.js:923:17
🤖 IA robando carta... aiplayer_script.js:32:21
[DEBUG] drawCard: Jugador 4 robando "Oferta de ínsula". Mano antes: 3 cartas, mazo: 22 cartas normal_script.js:159:21
[DEBUG] drawCard: Jugador 4 robó "Oferta de ínsula". Mano después: 4 cartas, mazo: 21 cartas normal_script.js:165:21
🤖 IA jugando carta... aiplayer_script.js:39:21
🔍 IA evaluando estratégicamente las cartas... aiplayer_script.js:70:17
🤖 IA: Cuando las barbas veas cortar… = valor 60 aiplayer_script.js:79:21
🤖 IA: Pies a tierra = valor 80 aiplayer_script.js:79:21
🤖 IA: A caballo regalado… = valor 60 aiplayer_script.js:79:21
🤖 IA: Oferta de ínsula = valor 60 aiplayer_script.js:79:21
🤖 IA seleccionó estratégicamente: Pies a tierra (valor: 80) aiplayer_script.js:87:17
🤖 IA JUGANDO CARTA: Pies a tierra (sabotaje) - Índice: 1 aiplayer_script.js:101:17
⚙️ IA OPCIONES DE JUEGO: Pies a tierra (sabotaje) - Índice: 1 aiplayer_script.js:139:17
🎯 IA EJECUTANDO EFECTO: Pies a tierra (sabotaje) aiplayer_script.js:170:17
🔍 IA handleAISelection iniciado para Pies a tierra (tipo: pies) aiplayer_script.js:192:17
🤖 IA ATACANDO AL MÁS FUERTE: Jugador 1 (Pies a tierra) aiplayer_script.js:201:25
🎯 IA PROCESANDO SELECCIÓN: Pies a tierra contra Jugador 1 aiplayer_script.js:252:17
[DEBUG] removeEquipment: Quitando escudero de Jugador 1. Equipamiento antes: {"id":"escudero-0","name":"Escudero","type":"escudero","category":"complemento","target":null} normal_script.js:264:17
🗑️ Equipamiento removido: Escudero del Jugador 1 normal_script.js:269:17
[DEBUG] removeEquipment: Escudero añadido al descarte. Descarte: 9 cartas normal_script.js:270:17
🔍 DEBUG: Antes de discardCurrentCard - currentCardIndex=1, currentCard=null aiplayer_script.js:285:21
🔍 DEBUG: discardCurrentCard - currentCardIndex=1, hand.length=4 aiplayer_script.js:860:17
[DEBUG] discardCurrentCard IA: Jugador 4, Índice: 1, Carta: "Pies a tierra", Mano antes: 4 cartas aiplayer_script.js:872:21
[DEBUG] discardCurrentCard IA: "Pies a tierra" añadida al descarte. Mano después: 3 cartas, Descarte: 10 cartas aiplayer_script.js:877:21
🔍 DEBUG: Estado después de procesar Pies a tierra: hasDrawn=true, hasPlayed=true, aiSelectionHandled=false aiplayer_script.js:292:21
🔍 Jugador 1, gameMode: ai, playerCount: 4, isAI: false script_modular.js:346:17
🔍 Jugador 2, gameMode: ai, playerCount: 4, isAI: true script_modular.js:346:17
🔍 Jugador 3, gameMode: ai, playerCount: 4, isAI: true script_modular.js:346:17
🔍 Jugador 4, gameMode: ai, playerCount: 4, isAI: true script_modular.js:346:17
🤖 IA: Turno completado, listo para finalizar aiplayer_script.js:299:25
🤖 IA: Turno completado, listo para finalizar aiplayer_script.js:217:25
🔍 DEBUG: Condiciones para terminar turno: hasDrawn=true, librosMode=false, hasPlayed=true, aiSelectionHandled=false, isAI=true aiplayer_script.js:51:17
🤖 IA terminando turno... aiplayer_script.js:54:21
🔍 Jugador 1, gameMode: ai, playerCount: 4, isAI: false 4 script_modular.js:346:17
🔍 Jugador 2, gameMode: ai, playerCount: 4, isAI: true script_modular.js:346:17
🔍 Jugador 3, gameMode: ai, playerCount: 4, isAI: true script_modular.js:346:17
🔍 Jugador 4, gameMode: ai, playerCount: 4, isAI: true script_modular.js:346:17
🔍 Jugador 1, gameMode: ai, playerCount: 4, isAI: false script_modular.js:346:17
📊 CONTEO DE CARTAS (Turno Humano): script_modular.js:678:17
  📋 En manos: 12 cartas script_modular.js:679:17
  🛡️ Equipadas: 9 cartas script_modular.js:680:17
  🃏 En mazo: 21 cartas script_modular.js:681:17
  🗑️ En descarte: 10 cartas script_modular.js:682:17
  📈 TOTAL: 52/52 cartas script_modular.js:683:17
🔍 Jugador 1, gameMode: ai, playerCount: 4, isAI: false script_modular.js:346:17
[DEBUG] drawCard: Jugador 1 robando "Bálsamo de Fierabrás". Mano antes: 3 cartas, mazo: 21 cartas normal_script.js:159:21
[DEBUG] drawCard: Jugador 1 robó "Bálsamo de Fierabrás". Mano después: 4 cartas, mazo: 20 cartas normal_script.js:165:21
🔍 Jugador 1, gameMode: ai, playerCount: 4, isAI: false 5 script_modular.js:346:17
🔍 Jugador 2, gameMode: ai, playerCount: 4, isAI: true script_modular.js:346:17
🔍 Jugador 3, gameMode: ai, playerCount: 4, isAI: true script_modular.js:346:17
🔍 Jugador 4, gameMode: ai, playerCount: 4, isAI: true script_modular.js:346:17
🔍 Jugador 1, gameMode: ai, playerCount: 4, isAI: false script_modular.js:346:17
🔍 Jugador 1, gameMode: ai, playerCount: 4, isAI: false script_modular.js:346:17
🔍 [DEBUG] playCard INICIADO - Índice: 0, Fase: play, hasPlayed: false, librosMode: false human_script.js:19:17
🎯 HUMANO JUGANDO CARTA: Escudero (complemento) - Índice: 0 human_script.js:34:17
🔍 [DEBUG] playCard - Mano antes de jugar: 4 cartas human_script.js:35:17
⚙️ HUMANO OPCIONES DE JUEGO: Escudero (complemento) - Índice: 0 human_script.js:92:17
🔍 [DEBUG] showPlayOptions - Carta: Escudero, Categoría: complemento, Tipo: escudero human_script.js:93:17
🔧 [DEBUG] showPlayOptions - Ejecutando addEquipment para complemento human_script.js:96:21
[DEBUG] addEquipment HUMANO: Equipando "Escudero" como escudero. Mano antes: 4 cartas human_script.js:173:21
[DEBUG] addEquipment HUMANO: "Escudero" removida de la mano. Mano después: 3 cartas human_script.js:176:21
✅ CARTA EQUIPADA: Escudero removida de la mano human_script.js:179:25
🔧 HUMANO equipó: Escudero human_script.js:193:21
🔍 Jugador 1, gameMode: ai, playerCount: 4, isAI: false 4 script_modular.js:346:17
🔍 Jugador 2, gameMode: ai, playerCount: 4, isAI: true script_modular.js:346:17
🔍 Jugador 3, gameMode: ai, playerCount: 4, isAI: true script_modular.js:346:17
🔍 Jugador 4, gameMode: ai, playerCount: 4, isAI: true script_modular.js:346:17
🔄 MODO AI: Finalizando turno automáticamente después de equipar human_script.js:214:21
🔍 Jugador 1, gameMode: ai, playerCount: 4, isAI: false script_modular.js:346:17
🔍 Jugador 2, gameMode: ai, playerCount: 4, isAI: true script_modular.js:346:17
🔍 Jugador 3, gameMode: ai, playerCount: 4, isAI: true script_modular.js:346:17
🔍 Jugador 4, gameMode: ai, playerCount: 4, isAI: true script_modular.js:346:17
🔍 Jugador 2, gameMode: ai, playerCount: 4, isAI: true 2 script_modular.js:346:17
🤖 El siguiente jugador es IA, ejecutando turno automáticamente script_modular.js:234:25
🤖 Turno de IA: Jugador 2 aiplayer_script.js:21:17
📊 CONTEO DE CARTAS (Turno IA): aiplayer_script.js:918:17
  📋 En manos: 12 cartas aiplayer_script.js:919:17
  🛡️ Equipadas: 10 cartas aiplayer_script.js:920:17
  🃏 En mazo: 20 cartas aiplayer_script.js:921:17
  🗑️ En descarte: 10 cartas aiplayer_script.js:922:17
  📈 TOTAL: 52/52 cartas aiplayer_script.js:923:17
🤖 IA robando carta... aiplayer_script.js:32:21
[DEBUG] drawCard: Jugador 2 robando "Duelo con vizcaíno". Mano antes: 3 cartas, mazo: 20 cartas normal_script.js:159:21
[DEBUG] drawCard: Jugador 2 robó "Duelo con vizcaíno". Mano después: 4 cartas, mazo: 19 cartas normal_script.js:165:21
🤖 IA jugando carta... aiplayer_script.js:39:21
🔍 IA evaluando estratégicamente las cartas... aiplayer_script.js:70:17
🤖 IA: De tal palo, tal astilla = valor 60 aiplayer_script.js:79:21
🤖 IA: Princesa Micomicona = valor 70 aiplayer_script.js:79:21
🤖 IA: Cuchicheos de ventero = valor 70 aiplayer_script.js:79:21
🤖 IA: Duelo con vizcaíno = valor 80 aiplayer_script.js:79:21
🤖 IA seleccionó estratégicamente: Duelo con vizcaíno (valor: 80) aiplayer_script.js:87:17
🤖 IA JUGANDO CARTA: Duelo con vizcaíno (sabotaje) - Índice: 3 aiplayer_script.js:101:17
⚙️ IA OPCIONES DE JUEGO: Duelo con vizcaíno (sabotaje) - Índice: 3 aiplayer_script.js:139:17
🎯 IA EJECUTANDO EFECTO: Duelo con vizcaíno (sabotaje) aiplayer_script.js:170:17
🔍 IA handleAISelection iniciado para Duelo con vizcaíno (tipo: duelo) aiplayer_script.js:192:17
🤖 IA ATACANDO AL MÁS FUERTE: Jugador 1 (Duelo con vizcaíno) aiplayer_script.js:201:25
🎯 IA PROCESANDO SELECCIÓN: Duelo con vizcaíno contra Jugador 1 aiplayer_script.js:252:17
[DEBUG] removeEquipment: Quitando lanza de Jugador 1. Equipamiento antes: {"id":"lanza-3","name":"Lanza","type":"lanza","category":"complemento","target":null} normal_script.js:264:17
🗑️ Equipamiento removido: Lanza del Jugador 1 normal_script.js:269:17
[DEBUG] removeEquipment: Lanza añadido al descarte. Descarte: 11 cartas normal_script.js:270:17
🔍 DEBUG: Antes de discardCurrentCard - currentCardIndex=3, currentCard=null aiplayer_script.js:285:21
🔍 DEBUG: discardCurrentCard - currentCardIndex=3, hand.length=4 aiplayer_script.js:860:17
[DEBUG] discardCurrentCard IA: Jugador 2, Índice: 3, Carta: "Duelo con vizcaíno", Mano antes: 4 cartas aiplayer_script.js:872:21
[DEBUG] discardCurrentCard IA: "Duelo con vizcaíno" añadida al descarte. Mano después: 3 cartas, Descarte: 12 cartas aiplayer_script.js:877:21
🔍 DEBUG: Estado después de procesar Duelo con vizcaíno: hasDrawn=true, hasPlayed=true, aiSelectionHandled=false aiplayer_script.js:292:21
🔍 Jugador 1, gameMode: ai, playerCount: 4, isAI: false script_modular.js:346:17
🔍 Jugador 2, gameMode: ai, playerCount: 4, isAI: true script_modular.js:346:17
🔍 Jugador 3, gameMode: ai, playerCount: 4, isAI: true script_modular.js:346:17
🔍 Jugador 4, gameMode: ai, playerCount: 4, isAI: true script_modular.js:346:17
🤖 IA: Turno completado, listo para finalizar aiplayer_script.js:299:25
🤖 IA: Turno completado, listo para finalizar aiplayer_script.js:217:25
🔍 DEBUG: Condiciones para terminar turno: hasDrawn=true, librosMode=false, hasPlayed=true, aiSelectionHandled=false, isAI=true aiplayer_script.js:51:17
🤖 IA terminando turno... aiplayer_script.js:54:21
🔍 Jugador 1, gameMode: ai, playerCount: 4, isAI: false script_modular.js:346:17
🔍 Jugador 2, gameMode: ai, playerCount: 4, isAI: true script_modular.js:346:17
🔍 Jugador 3, gameMode: ai, playerCount: 4, isAI: true script_modular.js:346:17
🔍 Jugador 4, gameMode: ai, playerCount: 4, isAI: true script_modular.js:346:17
🔍 Jugador 3, gameMode: ai, playerCount: 4, isAI: true 2 script_modular.js:346:17
🤖 El siguiente jugador es IA, ejecutando turno automáticamente script_modular.js:234:25
🤖 Turno de IA: Jugador 3 aiplayer_script.js:21:17
📊 CONTEO DE CARTAS (Turno IA): aiplayer_script.js:918:17
  📋 En manos: 12 cartas aiplayer_script.js:919:17
  🛡️ Equipadas: 9 cartas aiplayer_script.js:920:17
  🃏 En mazo: 19 cartas aiplayer_script.js:921:17
  🗑️ En descarte: 12 cartas aiplayer_script.js:922:17
  📈 TOTAL: 52/52 cartas aiplayer_script.js:923:17
🤖 IA robando carta... aiplayer_script.js:32:21
[DEBUG] drawCard: Jugador 3 robando "Duelo con vizcaíno". Mano antes: 3 cartas, mazo: 19 cartas normal_script.js:159:21
[DEBUG] drawCard: Jugador 3 robó "Duelo con vizcaíno". Mano después: 4 cartas, mazo: 18 cartas normal_script.js:165:21
🤖 IA jugando carta... aiplayer_script.js:39:21
🔍 IA evaluando estratégicamente las cartas... aiplayer_script.js:70:17
🤖 IA: De tal palo, tal astilla = valor 60 aiplayer_script.js:79:21
🤖 IA: A caballo regalado… = valor 60 aiplayer_script.js:79:21
🤖 IA: Bacía de barbero = valor 80 aiplayer_script.js:79:21
🤖 IA: Duelo con vizcaíno = valor 80 aiplayer_script.js:79:21
🤖 IA seleccionó estratégicamente: Bacía de barbero (valor: 80) aiplayer_script.js:87:17
🤖 IA JUGANDO CARTA: Bacía de barbero (sabotaje) - Índice: 2 aiplayer_script.js:101:17
⚙️ IA OPCIONES DE JUEGO: Bacía de barbero (sabotaje) - Índice: 2 aiplayer_script.js:139:17
🎯 IA EJECUTANDO EFECTO: Bacía de barbero (sabotaje) aiplayer_script.js:170:17
🔍 IA handleAISelection iniciado para Bacía de barbero (tipo: bacia) aiplayer_script.js:192:17
🤖 IA ATACANDO AL MÁS FUERTE: Jugador 1 (Bacía de barbero) aiplayer_script.js:201:25
🎯 IA PROCESANDO SELECCIÓN: Bacía de barbero contra Jugador 1 aiplayer_script.js:252:17
[DEBUG] removeEquipment: Quitando yelmo de Jugador 1. Equipamiento antes: {"id":"yelmo-2","name":"Yelmo","type":"yelmo","category":"complemento","target":null,"protected":false,"protectionCard":null} normal_script.js:264:17
🗑️ Equipamiento removido: Yelmo del Jugador 1 normal_script.js:269:17
[DEBUG] removeEquipment: Yelmo añadido al descarte. Descarte: 13 cartas normal_script.js:270:17
🔍 DEBUG: Antes de discardCurrentCard - currentCardIndex=2, currentCard=null aiplayer_script.js:285:21
🔍 DEBUG: discardCurrentCard - currentCardIndex=2, hand.length=4 aiplayer_script.js:860:17
[DEBUG] discardCurrentCard IA: Jugador 3, Índice: 2, Carta: "Bacía de barbero", Mano antes: 4 cartas aiplayer_script.js:872:21
[DEBUG] discardCurrentCard IA: "Bacía de barbero" añadida al descarte. Mano después: 3 cartas, Descarte: 14 cartas aiplayer_script.js:877:21
🔍 DEBUG: Estado después de procesar Bacía de barbero: hasDrawn=true, hasPlayed=true, aiSelectionHandled=false aiplayer_script.js:292:21
🔍 Jugador 1, gameMode: ai, playerCount: 4, isAI: false script_modular.js:346:17
🔍 Jugador 2, gameMode: ai, playerCount: 4, isAI: true script_modular.js:346:17
🔍 Jugador 3, gameMode: ai, playerCount: 4, isAI: true script_modular.js:346:17
🔍 Jugador 4, gameMode: ai, playerCount: 4, isAI: true script_modular.js:346:17
🤖 IA: Turno completado, listo para finalizar aiplayer_script.js:299:25
🤖 IA: Turno completado, listo para finalizar aiplayer_script.js:217:25
🔍 DEBUG: Condiciones para terminar turno: hasDrawn=true, librosMode=false, hasPlayed=true, aiSelectionHandled=false, isAI=true aiplayer_script.js:51:17
🤖 IA terminando turno... aiplayer_script.js:54:21
🔍 Jugador 1, gameMode: ai, playerCount: 4, isAI: false script_modular.js:346:17
🔍 Jugador 2, gameMode: ai, playerCount: 4, isAI: true script_modular.js:346:17
🔍 Jugador 3, gameMode: ai, playerCount: 4, isAI: true script_modular.js:346:17
🔍 Jugador 4, gameMode: ai, playerCount: 4, isAI: true 3 script_modular.js:346:17
🤖 El siguiente jugador es IA, ejecutando turno automáticamente script_modular.js:234:25
🤖 Turno de IA: Jugador 4 aiplayer_script.js:21:17
📊 CONTEO DE CARTAS (Turno IA): aiplayer_script.js:918:17
  📋 En manos: 12 cartas aiplayer_script.js:919:17
  🛡️ Equipadas: 8 cartas aiplayer_script.js:920:17
  🃏 En mazo: 18 cartas aiplayer_script.js:921:17
  🗑️ En descarte: 14 cartas aiplayer_script.js:922:17
  📈 TOTAL: 52/52 cartas aiplayer_script.js:923:17
🤖 IA robando carta... aiplayer_script.js:32:21
[DEBUG] drawCard: Jugador 4 robando "A caballo regalado…". Mano antes: 3 cartas, mazo: 18 cartas normal_script.js:159:21
[DEBUG] drawCard: Jugador 4 robó "A caballo regalado…". Mano después: 4 cartas, mazo: 17 cartas normal_script.js:165:21
🤖 IA jugando carta... aiplayer_script.js:39:21
🔍 IA evaluando estratégicamente las cartas... aiplayer_script.js:70:17
🤖 IA: Cuando las barbas veas cortar… = valor 60 aiplayer_script.js:79:21
🤖 IA: A caballo regalado… = valor 60 aiplayer_script.js:79:21
🤖 IA: Oferta de ínsula = valor 60 aiplayer_script.js:79:21
🤖 IA: A caballo regalado… = valor 60 aiplayer_script.js:79:21
🤖 IA seleccionó estratégicamente: Cuando las barbas veas cortar… (valor: 60) aiplayer_script.js:87:17
🤖 IA JUGANDO CARTA: Cuando las barbas veas cortar… (doble-accion) - Índice: 0 aiplayer_script.js:101:17
⚙️ IA OPCIONES DE JUEGO: Cuando las barbas veas cortar… (doble-accion) - Índice: 0 aiplayer_script.js:139:17
🔄 IA manejando carta de doble-acción: Cuando las barbas veas cortar… aiplayer_script.js:383:17
🤖 IA protegiendo estratégicamente: rocin aiplayer_script.js:404:21
[DEBUG] applyProtection IA: Protección aplicada: Cuando las barbas veas cortar… sobre rocin. Mano antes: 4 cartas, Mano después: 3 cartas aiplayer_script.js:357:25
🛡️ CARTA DE PROTECCIÓN EQUIPADA: Cuando las barbas veas cortar… sobre Rocín aiplayer_script.js:361:25
🛡️ IA protegió su Rocín aiplayer_script.js:364:21
🔍 Jugador 1, gameMode: ai, playerCount: 4, isAI: false script_modular.js:346:17
🔍 Jugador 2, gameMode: ai, playerCount: 4, isAI: true script_modular.js:346:17
🔍 Jugador 3, gameMode: ai, playerCount: 4, isAI: true script_modular.js:346:17
🔍 Jugador 4, gameMode: ai, playerCount: 4, isAI: true script_modular.js:346:17
🤖 IA: Turno completado, listo para finalizar aiplayer_script.js:376:25
🔍 DEBUG: Condiciones para terminar turno: hasDrawn=true, librosMode=false, hasPlayed=true, aiSelectionHandled=false, isAI=true aiplayer_script.js:51:17
🤖 IA terminando turno... aiplayer_script.js:54:21
🔍 Jugador 1, gameMode: ai, playerCount: 4, isAI: false 4 script_modular.js:346:17
🔍 Jugador 2, gameMode: ai, playerCount: 4, isAI: true script_modular.js:346:17
🔍 Jugador 3, gameMode: ai, playerCount: 4, isAI: true script_modular.js:346:17
🔍 Jugador 4, gameMode: ai, playerCount: 4, isAI: true script_modular.js:346:17
🔍 Jugador 1, gameMode: ai, playerCount: 4, isAI: false script_modular.js:346:17
📊 CONTEO DE CARTAS (Turno Humano): script_modular.js:678:17
  📋 En manos: 12 cartas script_modular.js:679:17
  🛡️ Equipadas: 9 cartas script_modular.js:680:17
  🃏 En mazo: 17 cartas script_modular.js:681:17
  🗑️ En descarte: 14 cartas script_modular.js:682:17
  📈 TOTAL: 52/52 cartas script_modular.js:683:17
🔍 Jugador 1, gameMode: ai, playerCount: 4, isAI: false script_modular.js:346:17
[DEBUG] drawCard: Jugador 1 robando "Lanza". Mano antes: 3 cartas, mazo: 17 cartas normal_script.js:159:21
[DEBUG] drawCard: Jugador 1 robó "Lanza". Mano después: 4 cartas, mazo: 16 cartas normal_script.js:165:21
🔍 Jugador 1, gameMode: ai, playerCount: 4, isAI: false 5 script_modular.js:346:17
🔍 Jugador 2, gameMode: ai, playerCount: 4, isAI: true script_modular.js:346:17
🔍 Jugador 3, gameMode: ai, playerCount: 4, isAI: true script_modular.js:346:17
🔍 Jugador 4, gameMode: ai, playerCount: 4, isAI: true script_modular.js:346:17
🔍 Jugador 1, gameMode: ai, playerCount: 4, isAI: false 2 script_modular.js:346:17
🔍 [DEBUG] playCard INICIADO - Índice: 0, Fase: play, hasPlayed: false, librosMode: false human_script.js:19:17
🎯 HUMANO JUGANDO CARTA: Flaqueza y mala traza (sabotaje) - Índice: 0 human_script.js:34:17
🔍 [DEBUG] playCard - Mano antes de jugar: 4 cartas human_script.js:35:17
⚙️ HUMANO OPCIONES DE JUEGO: Flaqueza y mala traza (sabotaje) - Índice: 0 human_script.js:92:17
🔍 [DEBUG] showPlayOptions - Carta: Flaqueza y mala traza, Categoría: sabotaje, Tipo: flaqueza human_script.js:93:17
⚔️ [DEBUG] showPlayOptions - Ejecutando executeCardEffect para sabotaje human_script.js:100:21
🎯 HUMANO EJECUTANDO EFECTO: Flaqueza y mala traza (sabotaje) human_script.js:127:17
👥 HUMANO MOSTRANDO SELECCIÓN DE JUGADOR: Flaqueza y mala traza - Índice: 0 human_script.js:241:17
👥 HUMANO MOSTRANDO SELECCIÓN DE JUGADOR: Modo de juego: ai human_script.js:242:17
❌ ERROR: Elemento player-select-modal no encontrado en el DOM human_script.js:247:21
❌ ERROR: Creando modal dinámicamente human_script.js:248:21
✅ Modal de selección de jugador creado dinámicamente human_script.js:304:21
[DEBUG] Número de jugadores en la partida:  4 human_script.js:305:21
[DEBUG] Número de botones de jugador en el modal:  3 human_script.js:306:21
🎯 HUMANO HANDLE PLAYER SELECTION: Jugador 3 seleccionado human_script.js:371:17
⚔️ HUMANO Ejecutando sabotaje directo: Flaqueza y mala traza contra Jugador 3 human_script.js:383:21
⚔️ EXECUTE_SABOTAGE_DIRECTLY INICIADO - Flaqueza y mala traza contra Jugador 3 human_script.js:392:17
⚔️ Tipo de carta: flaqueza human_script.js:393:17
⚔️ Jugador objetivo: 2 human_script.js:394:17
[DEBUG] removeEquipment: Quitando rocin de Jugador 3. Equipamiento antes: {"id":"rocin-3","name":"Rocín","type":"rocin","category":"complemento","target":null} normal_script.js:264:17
🗑️ Equipamiento removido: Rocín del Jugador 3 normal_script.js:269:17
[DEBUG] removeEquipment: Rocín añadido al descarte. Descarte: 15 cartas normal_script.js:270:17
⚔️ EXECUTE_SABOTAGE_DIRECTLY: Llamando discardCurrentCard() human_script.js:451:21
🗑️ DISCARD_CURRENT_CARD INICIADO - Jugador: 1, Índice: 0 human_script.js:1646:17
🔍 [DEBUG] discardCurrentCard - Estado antes: hasPlayed=false, gameMode=ai, librosMode=false human_script.js:1647:17
[DEBUG] discardCurrentCard HUMANO: Jugador 1, Índice: 0, Carta: "Flaqueza y mala traza", Mano antes: 4 cartas human_script.js:1661:21
[DEBUG] discardCurrentCard HUMANO: "Flaqueza y mala traza" añadida al descarte. Mano después: 3 cartas, Descarte: 16 cartas human_script.js:1666:21
🗑️ HUMANO DESCARTÓ CARTA: Flaqueza y mala traza human_script.js:1667:21
🗑️ DISCARD_CURRENT_CARD - Estado después de descartar: hasPlayed=true, gameMode=ai, librosMode=false human_script.js:1673:21
🔍 Jugador 1, gameMode: ai, playerCount: 4, isAI: false 4 script_modular.js:346:17
🔍 Jugador 2, gameMode: ai, playerCount: 4, isAI: true script_modular.js:346:17
🔍 Jugador 3, gameMode: ai, playerCount: 4, isAI: true script_modular.js:346:17
🔍 Jugador 4, gameMode: ai, playerCount: 4, isAI: true script_modular.js:346:17
🔄 MODO AI: Finalizando turno automáticamente después de descartar carta human_script.js:1682:25
✅ [DEBUG] discardCurrentCard COMPLETADO - hasPlayed=true, currentCardIndex=undefined human_script.js:1710:17
⚔️ EXECUTE_SABOTAGE_DIRECTLY: Después de discardCurrentCard - hasPlayed=true, gameMode=ai, librosMode=false human_script.js:454:21
🔍 Jugador 1, gameMode: ai, playerCount: 4, isAI: false 4 script_modular.js:346:17
🔍 Jugador 2, gameMode: ai, playerCount: 4, isAI: true script_modular.js:346:17
🔍 Jugador 3, gameMode: ai, playerCount: 4, isAI: true script_modular.js:346:17
🔍 Jugador 4, gameMode: ai, playerCount: 4, isAI: true script_modular.js:346:17
⚔️ EXECUTE_SABOTAGE_DIRECTLY: NO llamando endTurn() aquí porque discardCurrentCard() ya lo maneja human_script.js:467:21
🔄 MODO AI: Ejecutando endTurn() desde discardCurrentCard human_script.js:1684:29
🔍 Jugador 1, gameMode: ai, playerCount: 4, isAI: false script_modular.js:346:17
🔍 Jugador 2, gameMode: ai, playerCount: 4, isAI: true script_modular.js:346:17
🔍 Jugador 3, gameMode: ai, playerCount: 4, isAI: true script_modular.js:346:17
🔍 Jugador 4, gameMode: ai, playerCount: 4, isAI: true script_modular.js:346:17
🔍 Jugador 2, gameMode: ai, playerCount: 4, isAI: true 2 script_modular.js:346:17
🤖 El siguiente jugador es IA, ejecutando turno automáticamente script_modular.js:234:25
🤖 Turno de IA: Jugador 2 aiplayer_script.js:21:17
📊 CONTEO DE CARTAS (Turno IA): aiplayer_script.js:918:17
  📋 En manos: 12 cartas aiplayer_script.js:919:17
  🛡️ Equipadas: 8 cartas aiplayer_script.js:920:17
  🃏 En mazo: 16 cartas aiplayer_script.js:921:17
  🗑️ En descarte: 16 cartas aiplayer_script.js:922:17
  📈 TOTAL: 52/52 cartas aiplayer_script.js:923:17
🤖 IA robando carta... aiplayer_script.js:32:21
[DEBUG] drawCard: Jugador 2 robando "Yelmo". Mano antes: 3 cartas, mazo: 16 cartas normal_script.js:159:21
[DEBUG] drawCard: Jugador 2 robó "Yelmo". Mano después: 4 cartas, mazo: 15 cartas normal_script.js:165:21
🤖 IA jugando carta... aiplayer_script.js:39:21
🔍 IA evaluando estratégicamente las cartas... aiplayer_script.js:70:17
🤖 IA: De tal palo, tal astilla = valor 60 aiplayer_script.js:79:21
🤖 IA: Princesa Micomicona = valor 70 aiplayer_script.js:79:21
🤖 IA: Cuchicheos de ventero = valor 70 aiplayer_script.js:79:21
🤖 IA: Yelmo = valor 10 aiplayer_script.js:79:21
🤖 IA seleccionó estratégicamente: Princesa Micomicona (valor: 70) aiplayer_script.js:87:17
🤖 IA JUGANDO CARTA: Princesa Micomicona (evento) - Índice: 1 aiplayer_script.js:101:17
📤 IA DESCARTANDO CARTA: Princesa Micomicona - Índice: 1 aiplayer_script.js:115:17
🎯 IA EJECUTANDO EFECTO: Princesa Micomicona (evento) aiplayer_script.js:170:17
🔍 DEBUG: playCardToDiscard - requiresInteraction=true, card.type=princesa aiplayer_script.js:122:17
🔍 DEBUG: Carta requiere interacción, NO removiendo de mano aún aiplayer_script.js:131:21
🔍 IA handleAISelection iniciado para Princesa Micomicona (tipo: princesa) aiplayer_script.js:192:17
🤖 IA ENVIANDO A CASA AL MÁS FUERTE: Jugador 3 (Princesa) aiplayer_script.js:207:25
🎯 IA PROCESANDO SELECCIÓN: Princesa Micomicona contra Jugador 3 aiplayer_script.js:252:17
🗑️ DONCELLA/PRINCESA: 3 cartas descartadas del Jugador 3 van al descarte aiplayer_script.js:599:17
🏠 IA envió Jugador 3 a casa aiplayer_script.js:620:17
🤖 IA: Turno completado, listo para finalizar aiplayer_script.js:624:21
🔍 DEBUG: Antes de discardCurrentCard - currentCardIndex=1, currentCard=null aiplayer_script.js:285:21
🔍 DEBUG: discardCurrentCard - currentCardIndex=1, hand.length=4 aiplayer_script.js:860:17
[DEBUG] discardCurrentCard IA: Jugador 2, Índice: 1, Carta: "Princesa Micomicona", Mano antes: 4 cartas aiplayer_script.js:872:21
[DEBUG] discardCurrentCard IA: "Princesa Micomicona" añadida al descarte. Mano después: 3 cartas, Descarte: 20 cartas aiplayer_script.js:877:21
🔍 DEBUG: Estado después de procesar Princesa Micomicona: hasDrawn=true, hasPlayed=true, aiSelectionHandled=false aiplayer_script.js:292:21
🔍 Jugador 1, gameMode: ai, playerCount: 4, isAI: false script_modular.js:346:17
🔍 Jugador 2, gameMode: ai, playerCount: 4, isAI: true script_modular.js:346:17
🔍 Jugador 3, gameMode: ai, playerCount: 4, isAI: true script_modular.js:346:17
🔍 Jugador 4, gameMode: ai, playerCount: 4, isAI: true script_modular.js:346:17
🤖 IA: Turno completado, listo para finalizar aiplayer_script.js:299:25
🤖 IA: Turno completado, listo para finalizar aiplayer_script.js:217:25
🔍 DEBUG: Condiciones para terminar turno: hasDrawn=true, librosMode=false, hasPlayed=true, aiSelectionHandled=false, isAI=true aiplayer_script.js:51:17
🤖 IA terminando turno... aiplayer_script.js:54:21
🔍 Jugador 1, gameMode: ai, playerCount: 4, isAI: false script_modular.js:346:17
🔍 Jugador 2, gameMode: ai, playerCount: 4, isAI: true script_modular.js:346:17
🔍 Jugador 3, gameMode: ai, playerCount: 4, isAI: true script_modular.js:346:17
🔍 Jugador 4, gameMode: ai, playerCount: 4, isAI: true script_modular.js:346:17
🔍 Jugador 3, gameMode: ai, playerCount: 4, isAI: true 2 script_modular.js:346:17
🤖 El siguiente jugador es IA, ejecutando turno automáticamente script_modular.js:234:25
🤖 Turno de IA: Jugador 3 aiplayer_script.js:21:17
📊 CONTEO DE CARTAS (Turno IA): aiplayer_script.js:918:17
  📋 En manos: 12 cartas aiplayer_script.js:919:17
  🛡️ Equipadas: 8 cartas aiplayer_script.js:920:17
  🃏 En mazo: 12 cartas aiplayer_script.js:921:17
  🗑️ En descarte: 20 cartas aiplayer_script.js:922:17
  📈 TOTAL: 52/52 cartas aiplayer_script.js:923:17
🤖 IA robando carta... aiplayer_script.js:32:21
[DEBUG] drawCard: Jugador 3 robando "Escudero". Mano antes: 3 cartas, mazo: 12 cartas normal_script.js:159:21
[DEBUG] drawCard: Jugador 3 robó "Escudero". Mano después: 4 cartas, mazo: 11 cartas normal_script.js:165:21
🤖 IA jugando carta... aiplayer_script.js:39:21
🔍 IA evaluando estratégicamente las cartas... aiplayer_script.js:70:17
🤖 IA: Cuando las barbas veas cortar… = valor 60 aiplayer_script.js:79:21
🤖 IA: Oferta de ínsula = valor 60 aiplayer_script.js:79:21
🤖 IA: Escudero = valor 100 2 aiplayer_script.js:79:21
🤖 IA seleccionó estratégicamente: Escudero (valor: 100) aiplayer_script.js:87:17
🤖 IA JUGANDO CARTA: Escudero (complemento) - Índice: 2 aiplayer_script.js:101:17
⚙️ IA OPCIONES DE JUEGO: Escudero (complemento) - Índice: 2 aiplayer_script.js:139:17
[DEBUG] addEquipment IA: Equipando "Escudero" como escudero. Mano antes: 4 cartas aiplayer_script.js:316:21
[DEBUG] addEquipment IA: "Escudero" removida de la mano. Mano después: 3 cartas aiplayer_script.js:319:21
✅ CARTA EQUIPADA: Escudero removida de la mano aiplayer_script.js:320:21
🔧 IA equipó: Escudero aiplayer_script.js:328:21
🔍 Jugador 1, gameMode: ai, playerCount: 4, isAI: false script_modular.js:346:17
🔍 Jugador 2, gameMode: ai, playerCount: 4, isAI: true script_modular.js:346:17
🔍 Jugador 3, gameMode: ai, playerCount: 4, isAI: true script_modular.js:346:17
🔍 Jugador 4, gameMode: ai, playerCount: 4, isAI: true script_modular.js:346:17
🤖 IA: Turno completado, listo para finalizar aiplayer_script.js:348:21
🔍 DEBUG: Condiciones para terminar turno: hasDrawn=true, librosMode=false, hasPlayed=true, aiSelectionHandled=false, isAI=true aiplayer_script.js:51:17
🤖 IA terminando turno... aiplayer_script.js:54:21
🔍 Jugador 1, gameMode: ai, playerCount: 4, isAI: false script_modular.js:346:17
🔍 Jugador 2, gameMode: ai, playerCount: 4, isAI: true script_modular.js:346:17
🔍 Jugador 3, gameMode: ai, playerCount: 4, isAI: true script_modular.js:346:17
🔍 Jugador 4, gameMode: ai, playerCount: 4, isAI: true 3 script_modular.js:346:17
🤖 El siguiente jugador es IA, ejecutando turno automáticamente script_modular.js:234:25
🤖 Turno de IA: Jugador 4 aiplayer_script.js:21:17
📊 CONTEO DE CARTAS (Turno IA): aiplayer_script.js:918:17
  📋 En manos: 12 cartas aiplayer_script.js:919:17
  🛡️ Equipadas: 9 cartas aiplayer_script.js:920:17
  🃏 En mazo: 11 cartas aiplayer_script.js:921:17
  🗑️ En descarte: 20 cartas aiplayer_script.js:922:17
  📈 TOTAL: 52/52 cartas aiplayer_script.js:923:17
🤖 IA robando carta... aiplayer_script.js:32:21
[DEBUG] drawCard: Jugador 4 robando "Bálsamo de Fierabrás". Mano antes: 3 cartas, mazo: 11 cartas normal_script.js:159:21
[DEBUG] drawCard: Jugador 4 robó "Bálsamo de Fierabrás". Mano después: 4 cartas, mazo: 10 cartas normal_script.js:165:21
🤖 IA jugando carta... aiplayer_script.js:39:21
🔍 IA evaluando estratégicamente las cartas... aiplayer_script.js:70:17
🤖 IA: A caballo regalado… = valor 60 aiplayer_script.js:79:21
🤖 IA: Oferta de ínsula = valor 60 aiplayer_script.js:79:21
🤖 IA: A caballo regalado… = valor 60 aiplayer_script.js:79:21
🤖 IA: Bálsamo de Fierabrás = valor 80 aiplayer_script.js:79:21
🤖 IA seleccionó estratégicamente: Bálsamo de Fierabrás (valor: 80) aiplayer_script.js:87:17
🤖 IA JUGANDO CARTA: Bálsamo de Fierabrás (proteccion) - Índice: 3 aiplayer_script.js:101:17
⚙️ IA OPCIONES DE JUEGO: Bálsamo de Fierabrás (proteccion) - Índice: 3 aiplayer_script.js:139:17
🛡️ IA usando Bálsamo de Fierabrás aiplayer_script.js:423:17
🤖 IA protegiendo estratégicamente: rocin aiplayer_script.js:442:17
[DEBUG] applyProtection IA: Protección aplicada: Bálsamo de Fierabrás sobre rocin. Mano antes: 4 cartas, Mano después: 3 cartas aiplayer_script.js:357:25
🛡️ CARTA DE PROTECCIÓN EQUIPADA: Bálsamo de Fierabrás sobre Rocín aiplayer_script.js:361:25
🛡️ IA protegió su Rocín aiplayer_script.js:364:21
🔍 Jugador 1, gameMode: ai, playerCount: 4, isAI: false script_modular.js:346:17
🔍 Jugador 2, gameMode: ai, playerCount: 4, isAI: true script_modular.js:346:17
🔍 Jugador 3, gameMode: ai, playerCount: 4, isAI: true script_modular.js:346:17
🔍 Jugador 4, gameMode: ai, playerCount: 4, isAI: true script_modular.js:346:17
🤖 IA: Turno completado, listo para finalizar aiplayer_script.js:376:25
🔍 DEBUG: Condiciones para terminar turno: hasDrawn=true, librosMode=false, hasPlayed=true, aiSelectionHandled=false, isAI=true aiplayer_script.js:51:17
🤖 IA terminando turno... aiplayer_script.js:54:21
🔍 Jugador 1, gameMode: ai, playerCount: 4, isAI: false 4 script_modular.js:346:17
🔍 Jugador 2, gameMode: ai, playerCount: 4, isAI: true script_modular.js:346:17
🔍 Jugador 3, gameMode: ai, playerCount: 4, isAI: true script_modular.js:346:17
🔍 Jugador 4, gameMode: ai, playerCount: 4, isAI: true script_modular.js:346:17
🔍 Jugador 1, gameMode: ai, playerCount: 4, isAI: false script_modular.js:346:17
📊 CONTEO DE CARTAS (Turno Humano): script_modular.js:678:17
  📋 En manos: 12 cartas script_modular.js:679:17
  🛡️ Equipadas: 9 cartas script_modular.js:680:17
  🃏 En mazo: 10 cartas script_modular.js:681:17
  🗑️ En descarte: 20 cartas script_modular.js:682:17
  📈 TOTAL: 51/52 cartas script_modular.js:683:17
🔍 Jugador 1, gameMode: ai, playerCount: 4, isAI: false script_modular.js:346:17
[DEBUG] drawCard: Jugador 1 robando "De tal palo, tal astilla". Mano antes: 3 cartas, mazo: 10 cartas normal_script.js:159:21
[DEBUG] drawCard: Jugador 1 robó "De tal palo, tal astilla". Mano después: 4 cartas, mazo: 9 cartas normal_script.js:165:21
🔍 Jugador 1, gameMode: ai, playerCount: 4, isAI: false 5 script_modular.js:346:17
🔍 Jugador 2, gameMode: ai, playerCount: 4, isAI: true script_modular.js:346:17
🔍 Jugador 3, gameMode: ai, playerCount: 4, isAI: true script_modular.js:346:17
🔍 Jugador 4, gameMode: ai, playerCount: 4, isAI: true script_modular.js:346:17
🔍 Jugador 1, gameMode: ai, playerCount: 4, isAI: false script_modular.js:346:17
🔍 Jugador 1, gameMode: ai, playerCount: 4, isAI: false script_modular.js:346:17
🔍 [DEBUG] playCard INICIADO - Índice: 1, Fase: play, hasPlayed: false, librosMode: false human_script.js:19:17
🎯 HUMANO JUGANDO CARTA: Bálsamo de Fierabrás (proteccion) - Índice: 1 human_script.js:34:17
🔍 [DEBUG] playCard - Mano antes de jugar: 4 cartas human_script.js:35:17
⚙️ HUMANO OPCIONES DE JUEGO: Bálsamo de Fierabrás (proteccion) - Índice: 1 human_script.js:92:17
🔍 [DEBUG] showPlayOptions - Carta: Bálsamo de Fierabrás, Categoría: proteccion, Tipo: balsamo human_script.js:93:17
🛡️ [DEBUG] showPlayOptions - Ejecutando useBalsamo para proteccion human_script.js:106:21
🛡️ [DEBUG] useBalsamo INICIADO - Índice: 1 human_script.js:568:17
🛡️ [DEBUG] showProtectionSelectionModal INICIADO - currentCardIndex: 1 human_script.js:574:17
🔍 [DEBUG] showProtectionSelectionModal - Equipamiento disponible para proteger: 1 human_script.js:581:17
🔍 [DEBUG] showProtectionSelectionModal - Equipamiento: escudero = Escudero human_script.js:583:21
[DEBUG] applyProtection HUMANO: Protección aplicada: Bálsamo de Fierabrás sobre escudero. Mano antes: 4 cartas, Mano después: 3 cartas human_script.js:632:25
🛡️ CARTA DE PROTECCIÓN EQUIPADA: Bálsamo de Fierabrás sobre Escudero human_script.js:637:25
🛡️ HUMANO protegió su Escudero human_script.js:640:21
🔍 Jugador 1, gameMode: ai, playerCount: 4, isAI: false 4 script_modular.js:346:17
🔍 Jugador 2, gameMode: ai, playerCount: 4, isAI: true script_modular.js:346:17
🔍 Jugador 3, gameMode: ai, playerCount: 4, isAI: true script_modular.js:346:17
🔍 Jugador 4, gameMode: ai, playerCount: 4, isAI: true script_modular.js:346:17
🔄 MODO AI: Finalizando turno automáticamente después de proteger human_script.js:653:25
🔍 Jugador 1, gameMode: ai, playerCount: 4, isAI: false script_modular.js:346:17
🔍 Jugador 2, gameMode: ai, playerCount: 4, isAI: true script_modular.js:346:17
🔍 Jugador 3, gameMode: ai, playerCount: 4, isAI: true script_modular.js:346:17
🔍 Jugador 4, gameMode: ai, playerCount: 4, isAI: true script_modular.js:346:17
🔍 Jugador 2, gameMode: ai, playerCount: 4, isAI: true 2 script_modular.js:346:17
🤖 El siguiente jugador es IA, ejecutando turno automáticamente script_modular.js:234:25
🤖 Turno de IA: Jugador 2 aiplayer_script.js:21:17
📊 CONTEO DE CARTAS (Turno IA): aiplayer_script.js:918:17
  📋 En manos: 12 cartas aiplayer_script.js:919:17
  🛡️ Equipadas: 10 cartas aiplayer_script.js:920:17
  🃏 En mazo: 9 cartas aiplayer_script.js:921:17
  🗑️ En descarte: 20 cartas aiplayer_script.js:922:17
  📈 TOTAL: 51/52 cartas aiplayer_script.js:923:17
🤖 IA robando carta... aiplayer_script.js:32:21
[DEBUG] drawCard: Jugador 2 robando "Rocín". Mano antes: 3 cartas, mazo: 9 cartas normal_script.js:159:21
[DEBUG] drawCard: Jugador 2 robó "Rocín". Mano después: 4 cartas, mazo: 8 cartas normal_script.js:165:21
🤖 IA jugando carta... aiplayer_script.js:39:21
🔍 IA evaluando estratégicamente las cartas... aiplayer_script.js:70:17
🤖 IA: De tal palo, tal astilla = valor 60 aiplayer_script.js:79:21
🤖 IA: Cuchicheos de ventero = valor 70 aiplayer_script.js:79:21
🤖 IA: Yelmo = valor 10 aiplayer_script.js:79:21
🤖 IA: Rocín = valor 10 aiplayer_script.js:79:21
🤖 IA seleccionó estratégicamente: Cuchicheos de ventero (valor: 70) aiplayer_script.js:87:17
🤖 IA JUGANDO CARTA: Cuchicheos de ventero (evento) - Índice: 1 aiplayer_script.js:101:17
📤 IA DESCARTANDO CARTA: Cuchicheos de ventero - Índice: 1 aiplayer_script.js:115:17
🎯 IA EJECUTANDO EFECTO: Cuchicheos de ventero (evento) aiplayer_script.js:170:17
🔍 DEBUG: playCardToDiscard - requiresInteraction=true, card.type=cuchicheos aiplayer_script.js:122:17
🔍 DEBUG: Carta requiere interacción, NO removiendo de mano aún aiplayer_script.js:131:21
🔍 IA handleAISelection iniciado para Cuchicheos de ventero (tipo: cuchicheos) aiplayer_script.js:192:17
🎯 IA INTERCAMBIANDO CON EL MÁS DÉBIL: Jugador 1 (Cuchicheos) aiplayer_script.js:210:25
🎯 IA PROCESANDO SELECCIÓN: Cuchicheos de ventero contra Jugador 1 aiplayer_script.js:252:17
🤖 IA ejecutando intercambio automático con Jugador 1 aiplayer_script.js:657:17
🤖 IA: Seleccionando cartas para intercambio inteligente aiplayer_script.js:665:17
🤖 IA: Intercambiando "Yelmo" (valor: 10) por "Lanza" (valor: 100) aiplayer_script.js:703:17
🗑️ IA: Carta "Cuchicheos de ventero" descartada después del intercambio aiplayer_script.js:712:21
🔍 Jugador 1, gameMode: ai, playerCount: 4, isAI: false script_modular.js:346:17
🔍 Jugador 2, gameMode: ai, playerCount: 4, isAI: true script_modular.js:346:17
🔍 Jugador 3, gameMode: ai, playerCount: 4, isAI: true script_modular.js:346:17
🔍 Jugador 4, gameMode: ai, playerCount: 4, isAI: true script_modular.js:346:17
🤖 IA: Turno completado, listo para finalizar aiplayer_script.js:727:21
🔍 DEBUG: Condiciones para terminar turno: hasDrawn=true, librosMode=false, hasPlayed=true, aiSelectionHandled=false, isAI=true aiplayer_script.js:51:17
🤖 IA terminando turno... aiplayer_script.js:54:21
🔍 Jugador 1, gameMode: ai, playerCount: 4, isAI: false script_modular.js:346:17
🔍 Jugador 2, gameMode: ai, playerCount: 4, isAI: true script_modular.js:346:17
🔍 Jugador 3, gameMode: ai, playerCount: 4, isAI: true script_modular.js:346:17
🔍 Jugador 4, gameMode: ai, playerCount: 4, isAI: true script_modular.js:346:17
🔍 Jugador 3, gameMode: ai, playerCount: 4, isAI: true 2 script_modular.js:346:17
🤖 El siguiente jugador es IA, ejecutando turno automáticamente script_modular.js:234:25
🤖 Turno de IA: Jugador 3 aiplayer_script.js:21:17
📊 CONTEO DE CARTAS (Turno IA): aiplayer_script.js:918:17
  📋 En manos: 12 cartas aiplayer_script.js:919:17
  🛡️ Equipadas: 10 cartas aiplayer_script.js:920:17
  🃏 En mazo: 8 cartas aiplayer_script.js:921:17
  🗑️ En descarte: 21 cartas aiplayer_script.js:922:17
  📈 TOTAL: 51/52 cartas aiplayer_script.js:923:17
🤖 IA robando carta... aiplayer_script.js:32:21
[DEBUG] drawCard: Jugador 3 robando "Doncella en apuros". Mano antes: 3 cartas, mazo: 8 cartas normal_script.js:159:21
[DEBUG] drawCard: Jugador 3 robó "Doncella en apuros". Mano después: 4 cartas, mazo: 7 cartas normal_script.js:165:21
🤖 IA jugando carta... aiplayer_script.js:39:21
🔍 IA evaluando estratégicamente las cartas... aiplayer_script.js:70:17
🤖 IA: Cuando las barbas veas cortar… = valor 60 aiplayer_script.js:79:21
🤖 IA: Oferta de ínsula = valor 60 aiplayer_script.js:79:21
🤖 IA: Escudero = valor 10 aiplayer_script.js:79:21
🤖 IA: Doncella en apuros = valor 70 aiplayer_script.js:79:21
🤖 IA seleccionó estratégicamente: Doncella en apuros (valor: 70) aiplayer_script.js:87:17
🤖 IA JUGANDO CARTA: Doncella en apuros (evento) - Índice: 3 aiplayer_script.js:101:17
📤 IA DESCARTANDO CARTA: Doncella en apuros - Índice: 3 aiplayer_script.js:115:17
🎯 IA EJECUTANDO EFECTO: Doncella en apuros (evento) aiplayer_script.js:170:17
🔍 DEBUG: playCardToDiscard - requiresInteraction=true, card.type=doncella aiplayer_script.js:122:17
🔍 DEBUG: Carta requiere interacción, NO removiendo de mano aún aiplayer_script.js:131:21
🔍 IA handleAISelection iniciado para Doncella en apuros (tipo: doncella) aiplayer_script.js:192:17
🤖 IA RETRASANDO AL MÁS FUERTE: Jugador 2 (Doncella) aiplayer_script.js:204:25
🎯 IA PROCESANDO SELECCIÓN: Doncella en apuros contra Jugador 2 aiplayer_script.js:252:17
🔍 DEBUG: Antes de discardCurrentCard - currentCardIndex=3, currentCard=null aiplayer_script.js:285:21
🔍 DEBUG: discardCurrentCard - currentCardIndex=3, hand.length=4 aiplayer_script.js:860:17
[DEBUG] discardCurrentCard IA: Jugador 3, Índice: 3, Carta: "Doncella en apuros", Mano antes: 4 cartas aiplayer_script.js:872:21
[DEBUG] discardCurrentCard IA: "Doncella en apuros" añadida al descarte. Mano después: 3 cartas, Descarte: 22 cartas aiplayer_script.js:877:21
🔍 DEBUG: Estado después de procesar Doncella en apuros: hasDrawn=true, hasPlayed=true, aiSelectionHandled=false aiplayer_script.js:292:21
🔍 Jugador 1, gameMode: ai, playerCount: 4, isAI: false script_modular.js:346:17
🔍 Jugador 2, gameMode: ai, playerCount: 4, isAI: true script_modular.js:346:17
🔍 Jugador 3, gameMode: ai, playerCount: 4, isAI: true script_modular.js:346:17
🔍 Jugador 4, gameMode: ai, playerCount: 4, isAI: true script_modular.js:346:17
🤖 IA: Turno completado, listo para finalizar aiplayer_script.js:299:25
🤖 IA: Turno completado, listo para finalizar aiplayer_script.js:217:25
🔍 DEBUG: Condiciones para terminar turno: hasDrawn=true, librosMode=false, hasPlayed=true, aiSelectionHandled=false, isAI=true aiplayer_script.js:51:17
🤖 IA terminando turno... aiplayer_script.js:54:21
🔍 Jugador 1, gameMode: ai, playerCount: 4, isAI: false script_modular.js:346:17
🔍 Jugador 2, gameMode: ai, playerCount: 4, isAI: true script_modular.js:346:17
🔍 Jugador 3, gameMode: ai, playerCount: 4, isAI: true script_modular.js:346:17
🔍 Jugador 4, gameMode: ai, playerCount: 4, isAI: true 3 script_modular.js:346:17
🤖 El siguiente jugador es IA, ejecutando turno automáticamente script_modular.js:234:25
🤖 Turno de IA: Jugador 4 aiplayer_script.js:21:17
📊 CONTEO DE CARTAS (Turno IA): aiplayer_script.js:918:17
  📋 En manos: 12 cartas aiplayer_script.js:919:17
  🛡️ Equipadas: 10 cartas aiplayer_script.js:920:17
  🃏 En mazo: 7 cartas aiplayer_script.js:921:17
  🗑️ En descarte: 22 cartas aiplayer_script.js:922:17
  📈 TOTAL: 51/52 cartas aiplayer_script.js:923:17
🤖 IA robando carta... aiplayer_script.js:32:21
[DEBUG] drawCard: Jugador 4 robando "Doncella en apuros". Mano antes: 3 cartas, mazo: 7 cartas normal_script.js:159:21
[DEBUG] drawCard: Jugador 4 robó "Doncella en apuros". Mano después: 4 cartas, mazo: 6 cartas normal_script.js:165:21
🤖 IA jugando carta... aiplayer_script.js:39:21
🔍 IA evaluando estratégicamente las cartas... aiplayer_script.js:70:17
🤖 IA: A caballo regalado… = valor 60 aiplayer_script.js:79:21
🤖 IA: Oferta de ínsula = valor 60 aiplayer_script.js:79:21
🤖 IA: A caballo regalado… = valor 60 aiplayer_script.js:79:21
🤖 IA: Doncella en apuros = valor 70 aiplayer_script.js:79:21
🤖 IA seleccionó estratégicamente: Doncella en apuros (valor: 70) aiplayer_script.js:87:17
🤖 IA JUGANDO CARTA: Doncella en apuros (evento) - Índice: 3 aiplayer_script.js:101:17
📤 IA DESCARTANDO CARTA: Doncella en apuros - Índice: 3 aiplayer_script.js:115:17
🎯 IA EJECUTANDO EFECTO: Doncella en apuros (evento) aiplayer_script.js:170:17
🔍 DEBUG: playCardToDiscard - requiresInteraction=true, card.type=doncella aiplayer_script.js:122:17
🔍 DEBUG: Carta requiere interacción, NO removiendo de mano aún aiplayer_script.js:131:21
🔍 IA handleAISelection iniciado para Doncella en apuros (tipo: doncella) aiplayer_script.js:192:17
🤖 IA RETRASANDO AL MÁS FUERTE: Jugador 3 (Doncella) aiplayer_script.js:204:25
🎯 IA PROCESANDO SELECCIÓN: Doncella en apuros contra Jugador 3 aiplayer_script.js:252:17
🔍 DEBUG: Antes de discardCurrentCard - currentCardIndex=3, currentCard=null aiplayer_script.js:285:21
🔍 DEBUG: discardCurrentCard - currentCardIndex=3, hand.length=4 aiplayer_script.js:860:17
[DEBUG] discardCurrentCard IA: Jugador 4, Índice: 3, Carta: "Doncella en apuros", Mano antes: 4 cartas aiplayer_script.js:872:21
[DEBUG] discardCurrentCard IA: "Doncella en apuros" añadida al descarte. Mano después: 3 cartas, Descarte: 23 cartas aiplayer_script.js:877:21
🔍 DEBUG: Estado después de procesar Doncella en apuros: hasDrawn=true, hasPlayed=true, aiSelectionHandled=false aiplayer_script.js:292:21
🔍 Jugador 1, gameMode: ai, playerCount: 4, isAI: false script_modular.js:346:17
🔍 Jugador 2, gameMode: ai, playerCount: 4, isAI: true script_modular.js:346:17
🔍 Jugador 3, gameMode: ai, playerCount: 4, isAI: true script_modular.js:346:17
🔍 Jugador 4, gameMode: ai, playerCount: 4, isAI: true script_modular.js:346:17
🤖 IA: Turno completado, listo para finalizar aiplayer_script.js:299:25
🤖 IA: Turno completado, listo para finalizar aiplayer_script.js:217:25
🔍 DEBUG: Condiciones para terminar turno: hasDrawn=true, librosMode=false, hasPlayed=true, aiSelectionHandled=false, isAI=true aiplayer_script.js:51:17
🤖 IA terminando turno... aiplayer_script.js:54:21
🔍 Jugador 1, gameMode: ai, playerCount: 4, isAI: false 4 script_modular.js:346:17
🔍 Jugador 2, gameMode: ai, playerCount: 4, isAI: true script_modular.js:346:17
🔍 Jugador 3, gameMode: ai, playerCount: 4, isAI: true script_modular.js:346:17
🔍 Jugador 4, gameMode: ai, playerCount: 4, isAI: true script_modular.js:346:17
🔍 Jugador 1, gameMode: ai, playerCount: 4, isAI: false script_modular.js:346:17
📊 CONTEO DE CARTAS (Turno Humano): script_modular.js:678:17
  📋 En manos: 12 cartas script_modular.js:679:17
  🛡️ Equipadas: 10 cartas script_modular.js:680:17
  🃏 En mazo: 6 cartas script_modular.js:681:17
  🗑️ En descarte: 23 cartas script_modular.js:682:17
  📈 TOTAL: 51/52 cartas script_modular.js:683:17
🔍 Jugador 1, gameMode: ai, playerCount: 4, isAI: false script_modular.js:346:17
[DEBUG] drawCard: Jugador 1 robando "Escudero". Mano antes: 3 cartas, mazo: 6 cartas normal_script.js:159:21
[DEBUG] drawCard: Jugador 1 robó "Escudero". Mano después: 4 cartas, mazo: 5 cartas normal_script.js:165:21
🔍 Jugador 1, gameMode: ai, playerCount: 4, isAI: false 5 script_modular.js:346:17
🔍 Jugador 2, gameMode: ai, playerCount: 4, isAI: true script_modular.js:346:17
🔍 Jugador 3, gameMode: ai, playerCount: 4, isAI: true script_modular.js:346:17
🔍 Jugador 4, gameMode: ai, playerCount: 4, isAI: true script_modular.js:346:17
🔍 Jugador 1, gameMode: ai, playerCount: 4, isAI: false 2 script_modular.js:346:17
🔍 [DEBUG] playCard INICIADO - Índice: 0, Fase: play, hasPlayed: false, librosMode: false human_script.js:19:17
🎯 HUMANO JUGANDO CARTA: Yelmo (complemento) - Índice: 0 human_script.js:34:17
🔍 [DEBUG] playCard - Mano antes de jugar: 4 cartas human_script.js:35:17
⚙️ HUMANO OPCIONES DE JUEGO: Yelmo (complemento) - Índice: 0 human_script.js:92:17
🔍 [DEBUG] showPlayOptions - Carta: Yelmo, Categoría: complemento, Tipo: yelmo human_script.js:93:17
🔧 [DEBUG] showPlayOptions - Ejecutando addEquipment para complemento human_script.js:96:21
[DEBUG] addEquipment HUMANO: Equipando "Yelmo" como yelmo. Mano antes: 4 cartas human_script.js:173:21
[DEBUG] addEquipment HUMANO: "Yelmo" removida de la mano. Mano después: 3 cartas human_script.js:176:21
✅ CARTA EQUIPADA: Yelmo removida de la mano human_script.js:179:25
🔧 HUMANO equipó: Yelmo human_script.js:193:21
🔍 Jugador 1, gameMode: ai, playerCount: 4, isAI: false 4 script_modular.js:346:17
🔍 Jugador 2, gameMode: ai, playerCount: 4, isAI: true script_modular.js:346:17
🔍 Jugador 3, gameMode: ai, playerCount: 4, isAI: true script_modular.js:346:17
🔍 Jugador 4, gameMode: ai, playerCount: 4, isAI: true script_modular.js:346:17
🔄 MODO AI: Finalizando turno automáticamente después de equipar human_script.js:214:21
⏭️ Jugador 2 está saltado, saltando turno normal_script.js:194:21
⏭️ Jugador 3 está saltado, saltando turno normal_script.js:194:21
🔍 Jugador 1, gameMode: ai, playerCount: 4, isAI: false script_modular.js:346:17
🔍 Jugador 2, gameMode: ai, playerCount: 4, isAI: true script_modular.js:346:17
🔍 Jugador 3, gameMode: ai, playerCount: 4, isAI: true script_modular.js:346:17
🔍 Jugador 4, gameMode: ai, playerCount: 4, isAI: true 3 script_modular.js:346:17
🤖 El siguiente jugador es IA, ejecutando turno automáticamente script_modular.js:234:25
🤖 Turno de IA: Jugador 4 aiplayer_script.js:21:17
📊 CONTEO DE CARTAS (Turno IA): aiplayer_script.js:918:17
  📋 En manos: 12 cartas aiplayer_script.js:919:17
  🛡️ Equipadas: 11 cartas aiplayer_script.js:920:17
  🃏 En mazo: 5 cartas aiplayer_script.js:921:17
  🗑️ En descarte: 23 cartas aiplayer_script.js:922:17
  📈 TOTAL: 51/52 cartas aiplayer_script.js:923:17
🤖 IA robando carta... aiplayer_script.js:32:21
[DEBUG] drawCard: Jugador 4 robando "Vuelta a casa". Mano antes: 3 cartas, mazo: 5 cartas normal_script.js:159:21
[DEBUG] drawCard: Jugador 4 robó "Vuelta a casa". Mano después: 4 cartas, mazo: 4 cartas normal_script.js:165:21
🤖 IA jugando carta... aiplayer_script.js:39:21
🔍 IA evaluando estratégicamente las cartas... aiplayer_script.js:70:17
🤖 IA: A caballo regalado… = valor 60 aiplayer_script.js:79:21
🤖 IA: Oferta de ínsula = valor 60 aiplayer_script.js:79:21
🤖 IA: A caballo regalado… = valor 60 aiplayer_script.js:79:21
🤖 IA: Vuelta a casa = valor 70 aiplayer_script.js:79:21
🤖 IA seleccionó estratégicamente: Vuelta a casa (valor: 70) aiplayer_script.js:87:17
🤖 IA JUGANDO CARTA: Vuelta a casa (evento) - Índice: 3 aiplayer_script.js:101:17
📤 IA DESCARTANDO CARTA: Vuelta a casa - Índice: 3 aiplayer_script.js:115:17
🎯 IA EJECUTANDO EFECTO: Vuelta a casa (evento) aiplayer_script.js:170:17
🏠 IA ejecutó Vuelta a casa aiplayer_script.js:581:17
🔍 DEBUG: playCardToDiscard - requiresInteraction=false, card.type=vuelta aiplayer_script.js:122:17
🔍 DEBUG: Condiciones para terminar turno: hasDrawn=true, librosMode=false, hasPlayed=true, aiSelectionHandled=false, isAI=true aiplayer_script.js:51:17
🤖 IA terminando turno... aiplayer_script.js:54:21
🔍 Jugador 1, gameMode: ai, playerCount: 4, isAI: false 4 script_modular.js:346:17
🔍 Jugador 2, gameMode: ai, playerCount: 4, isAI: true script_modular.js:346:17
🔍 Jugador 3, gameMode: ai, playerCount: 4, isAI: true script_modular.js:346:17
🔍 Jugador 4, gameMode: ai, playerCount: 4, isAI: true script_modular.js:346:17
🔍 Jugador 1, gameMode: ai, playerCount: 4, isAI: false script_modular.js:346:17
📊 CONTEO DE CARTAS (Turno Humano): script_modular.js:678:17
  📋 En manos: 12 cartas script_modular.js:679:17
  🛡️ Equipadas: 11 cartas script_modular.js:680:17
  🃏 En mazo: 14 cartas script_modular.js:681:17
  🗑️ En descarte: 1 cartas script_modular.js:682:17
  📈 TOTAL: 38/52 cartas script_modular.js:683:17
🔍 Jugador 1, gameMode: ai, playerCount: 4, isAI: false script_modular.js:346:17
[DEBUG] drawCard: Jugador 1 robando "Flaqueza y mala traza". Mano antes: 3 cartas, mazo: 14 cartas normal_script.js:159:21
[DEBUG] drawCard: Jugador 1 robó "Flaqueza y mala traza". Mano después: 4 cartas, mazo: 13 cartas normal_script.js:165:21
🔍 Jugador 1, gameMode: ai, playerCount: 4, isAI: false 5 script_modular.js:346:17
🔍 Jugador 2, gameMode: ai, playerCount: 4, isAI: true script_modular.js:346:17
🔍 Jugador 3, gameMode: ai, playerCount: 4, isAI: true script_modular.js:346:17
🔍 Jugador 4, gameMode: ai, playerCount: 4, isAI: true script_modular.js:346:17
🔍 Jugador 1, gameMode: ai, playerCount: 4, isAI: false 2 script_modular.js:346:17
🔍 [DEBUG] playCard INICIADO - Índice: 1, Fase: play, hasPlayed: false, librosMode: false human_script.js:19:17
🎯 HUMANO JUGANDO CARTA: Doncella en apuros (evento) - Índice: 1 human_script.js:34:17
🔍 [DEBUG] playCard - Mano antes de jugar: 4 cartas human_script.js:35:17
📤 HUMANO DESCARTANDO CARTA: Doncella en apuros - Índice: 1 human_script.js:49:17
🎯 HUMANO EJECUTANDO EFECTO: Doncella en apuros (evento) human_script.js:127:17
👥 HUMANO MOSTRANDO SELECCIÓN DE JUGADOR: Doncella en apuros - Índice: 1 human_script.js:241:17
👥 HUMANO MOSTRANDO SELECCIÓN DE JUGADOR: Modo de juego: ai human_script.js:242:17
❌ ERROR: Elemento player-select-modal no encontrado en el DOM human_script.js:247:21
❌ ERROR: Creando modal dinámicamente human_script.js:248:21
✅ Modal de selección de jugador creado dinámicamente human_script.js:304:21
[DEBUG] Número de jugadores en la partida:  4 human_script.js:305:21
[DEBUG] Número de botones de jugador en el modal:  3 human_script.js:306:21
🎯 HUMANO HANDLE PLAYER SELECTION: Jugador 3 seleccionado human_script.js:371:17
⚔️ HUMANO Ejecutando sabotaje directo: Doncella en apuros contra Jugador 3 human_script.js:383:21
⚔️ EXECUTE_SABOTAGE_DIRECTLY INICIADO - Doncella en apuros contra Jugador 3 human_script.js:392:17
⚔️ Tipo de carta: doncella human_script.js:393:17
⚔️ Jugador objetivo: 2 human_script.js:394:17
⏰ DONCELLA: Jugador 3 perderá su próximo turno human_script.js:421:25
⚔️ EXECUTE_SABOTAGE_DIRECTLY: Llamando discardCurrentCard() human_script.js:451:21
🗑️ DISCARD_CURRENT_CARD INICIADO - Jugador: 1, Índice: 1 human_script.js:1646:17
🔍 [DEBUG] discardCurrentCard - Estado antes: hasPlayed=false, gameMode=ai, librosMode=false human_script.js:1647:17
[DEBUG] discardCurrentCard HUMANO: Jugador 1, Índice: 1, Carta: "Doncella en apuros", Mano antes: 4 cartas human_script.js:1661:21
[DEBUG] discardCurrentCard HUMANO: "Doncella en apuros" añadida al descarte. Mano después: 3 cartas, Descarte: 2 cartas human_script.js:1666:21
🗑️ HUMANO DESCARTÓ CARTA: Doncella en apuros human_script.js:1667:21
🗑️ DISCARD_CURRENT_CARD - Estado después de descartar: hasPlayed=true, gameMode=ai, librosMode=false human_script.js:1673:21
🔍 Jugador 1, gameMode: ai, playerCount: 4, isAI: false 4 script_modular.js:346:17
🔍 Jugador 2, gameMode: ai, playerCount: 4, isAI: true script_modular.js:346:17
🔍 Jugador 3, gameMode: ai, playerCount: 4, isAI: true script_modular.js:346:17
🔍 Jugador 4, gameMode: ai, playerCount: 4, isAI: true script_modular.js:346:17
🔄 MODO AI: Finalizando turno automáticamente después de descartar carta human_script.js:1682:25
✅ [DEBUG] discardCurrentCard COMPLETADO - hasPlayed=true, currentCardIndex=undefined human_script.js:1710:17
⚔️ EXECUTE_SABOTAGE_DIRECTLY: Después de discardCurrentCard - hasPlayed=true, gameMode=ai, librosMode=false human_script.js:454:21
🔍 Jugador 1, gameMode: ai, playerCount: 4, isAI: false 4 script_modular.js:346:17
🔍 Jugador 2, gameMode: ai, playerCount: 4, isAI: true script_modular.js:346:17
🔍 Jugador 3, gameMode: ai, playerCount: 4, isAI: true script_modular.js:346:17
🔍 Jugador 4, gameMode: ai, playerCount: 4, isAI: true script_modular.js:346:17
⚔️ EXECUTE_SABOTAGE_DIRECTLY: NO llamando endTurn() aquí porque discardCurrentCard() ya lo maneja human_script.js:467:21
🔄 MODO AI: Ejecutando endTurn() desde discardCurrentCard human_script.js:1684:29
🔍 Jugador 1, gameMode: ai, playerCount: 4, isAI: false script_modular.js:346:17
🔍 Jugador 2, gameMode: ai, playerCount: 4, isAI: true script_modular.js:346:17
🔍 Jugador 3, gameMode: ai, playerCount: 4, isAI: true script_modular.js:346:17
🔍 Jugador 4, gameMode: ai, playerCount: 4, isAI: true script_modular.js:346:17
🔍 Jugador 2, gameMode: ai, playerCount: 4, isAI: true 2 script_modular.js:346:17
🤖 El siguiente jugador es IA, ejecutando turno automáticamente script_modular.js:234:25
🤖 Turno de IA: Jugador 2 aiplayer_script.js:21:17
📊 CONTEO DE CARTAS (Turno IA): aiplayer_script.js:918:17
  📋 En manos: 12 cartas aiplayer_script.js:919:17
  🛡️ Equipadas: 11 cartas aiplayer_script.js:920:17
  🃏 En mazo: 13 cartas aiplayer_script.js:921:17
  🗑️ En descarte: 2 cartas aiplayer_script.js:922:17
  📈 TOTAL: 38/52 cartas aiplayer_script.js:923:17
🤖 IA robando carta... aiplayer_script.js:32:21
[DEBUG] drawCard: Jugador 2 robando "Rocín". Mano antes: 3 cartas, mazo: 13 cartas normal_script.js:159:21
[DEBUG] drawCard: Jugador 2 robó "Rocín". Mano después: 4 cartas, mazo: 12 cartas normal_script.js:165:21
🤖 IA jugando carta... aiplayer_script.js:39:21
🔍 IA evaluando estratégicamente las cartas... aiplayer_script.js:70:17
🤖 IA: Pies a tierra = valor 80 aiplayer_script.js:79:21
🤖 IA: De tal palo, tal astilla = valor 60 aiplayer_script.js:79:21
🤖 IA: Duelo con vizcaíno = valor 80 aiplayer_script.js:79:21
🤖 IA: Rocín = valor 10 aiplayer_script.js:79:21
🤖 IA seleccionó estratégicamente: Pies a tierra (valor: 80) aiplayer_script.js:87:17
🤖 IA JUGANDO CARTA: Pies a tierra (sabotaje) - Índice: 0 aiplayer_script.js:101:17
⚙️ IA OPCIONES DE JUEGO: Pies a tierra (sabotaje) - Índice: 0 aiplayer_script.js:139:17
🎯 IA EJECUTANDO EFECTO: Pies a tierra (sabotaje) aiplayer_script.js:170:17
🔍 IA handleAISelection iniciado para Pies a tierra (tipo: pies) aiplayer_script.js:192:17
🤖 IA ATACANDO AL MÁS FUERTE: Jugador 3 (Pies a tierra) aiplayer_script.js:201:25
🎯 IA PROCESANDO SELECCIÓN: Pies a tierra contra Jugador 3 aiplayer_script.js:252:17
[DEBUG] removeEquipment: Quitando escudero de Jugador 3. Equipamiento antes: {"id":"escudero-2","name":"Escudero","type":"escudero","category":"complemento","target":null} normal_script.js:264:17
🗑️ Equipamiento removido: Escudero del Jugador 3 normal_script.js:269:17
[DEBUG] removeEquipment: Escudero añadido al descarte. Descarte: 3 cartas normal_script.js:270:17
🔍 DEBUG: Antes de discardCurrentCard - currentCardIndex=0, currentCard=null aiplayer_script.js:285:21
🔍 DEBUG: discardCurrentCard - currentCardIndex=0, hand.length=4 aiplayer_script.js:860:17
[DEBUG] discardCurrentCard IA: Jugador 2, Índice: 0, Carta: "Pies a tierra", Mano antes: 4 cartas aiplayer_script.js:872:21
[DEBUG] discardCurrentCard IA: "Pies a tierra" añadida al descarte. Mano después: 3 cartas, Descarte: 4 cartas aiplayer_script.js:877:21
🔍 DEBUG: Estado después de procesar Pies a tierra: hasDrawn=true, hasPlayed=true, aiSelectionHandled=false aiplayer_script.js:292:21
🔍 Jugador 1, gameMode: ai, playerCount: 4, isAI: false script_modular.js:346:17
🔍 Jugador 2, gameMode: ai, playerCount: 4, isAI: true script_modular.js:346:17
🔍 Jugador 3, gameMode: ai, playerCount: 4, isAI: true script_modular.js:346:17
🔍 Jugador 4, gameMode: ai, playerCount: 4, isAI: true script_modular.js:346:17
🤖 IA: Turno completado, listo para finalizar aiplayer_script.js:299:25
🤖 IA: Turno completado, listo para finalizar aiplayer_script.js:217:25
🔍 DEBUG: Condiciones para terminar turno: hasDrawn=true, librosMode=false, hasPlayed=true, aiSelectionHandled=false, isAI=true aiplayer_script.js:51:17
🤖 IA terminando turno... aiplayer_script.js:54:21
⏭️ Jugador 3 está saltado, saltando turno normal_script.js:194:21
🔍 Jugador 1, gameMode: ai, playerCount: 4, isAI: false script_modular.js:346:17
🔍 Jugador 2, gameMode: ai, playerCount: 4, isAI: true script_modular.js:346:17
🔍 Jugador 3, gameMode: ai, playerCount: 4, isAI: true script_modular.js:346:17
🔍 Jugador 4, gameMode: ai, playerCount: 4, isAI: true 3 script_modular.js:346:17
🤖 El siguiente jugador es IA, ejecutando turno automáticamente script_modular.js:234:25
🤖 Turno de IA: Jugador 4 aiplayer_script.js:21:17
📊 CONTEO DE CARTAS (Turno IA): aiplayer_script.js:918:17
  📋 En manos: 12 cartas aiplayer_script.js:919:17
  🛡️ Equipadas: 10 cartas aiplayer_script.js:920:17
  🃏 En mazo: 12 cartas aiplayer_script.js:921:17
  🗑️ En descarte: 4 cartas aiplayer_script.js:922:17
  📈 TOTAL: 38/52 cartas aiplayer_script.js:923:17
🤖 IA robando carta... aiplayer_script.js:32:21
[DEBUG] drawCard: Jugador 4 robando "Princesa Micomicona". Mano antes: 3 cartas, mazo: 12 cartas normal_script.js:159:21
[DEBUG] drawCard: Jugador 4 robó "Princesa Micomicona". Mano después: 4 cartas, mazo: 11 cartas normal_script.js:165:21
🤖 IA jugando carta... aiplayer_script.js:39:21
🔍 IA evaluando estratégicamente las cartas... aiplayer_script.js:70:17
🤖 IA: Lanza = valor 100 aiplayer_script.js:79:21
🤖 IA: Escudero = valor 100 aiplayer_script.js:79:21
🤖 IA: A caballo regalado… = valor 60 aiplayer_script.js:79:21
🤖 IA: Princesa Micomicona = valor 70 aiplayer_script.js:79:21
🤖 IA seleccionó estratégicamente: Lanza (valor: 100) aiplayer_script.js:87:17
🤖 IA JUGANDO CARTA: Lanza (complemento) - Índice: 0 aiplayer_script.js:101:17
⚙️ IA OPCIONES DE JUEGO: Lanza (complemento) - Índice: 0 aiplayer_script.js:139:17
[DEBUG] addEquipment IA: Equipando "Lanza" como lanza. Mano antes: 4 cartas aiplayer_script.js:316:21
[DEBUG] addEquipment IA: "Lanza" removida de la mano. Mano después: 3 cartas aiplayer_script.js:319:21
✅ CARTA EQUIPADA: Lanza removida de la mano aiplayer_script.js:320:21
🔧 IA equipó: Lanza aiplayer_script.js:328:21
🔍 Jugador 1, gameMode: ai, playerCount: 4, isAI: false script_modular.js:346:17
🔍 Jugador 2, gameMode: ai, playerCount: 4, isAI: true script_modular.js:346:17
🔍 Jugador 3, gameMode: ai, playerCount: 4, isAI: true script_modular.js:346:17
🔍 Jugador 4, gameMode: ai, playerCount: 4, isAI: true script_modular.js:346:17
🤖 IA: Turno completado, listo para finalizar aiplayer_script.js:348:21
🔍 DEBUG: Condiciones para terminar turno: hasDrawn=true, librosMode=false, hasPlayed=true, aiSelectionHandled=false, isAI=true aiplayer_script.js:51:17
🤖 IA terminando turno... aiplayer_script.js:54:21
🔍 Jugador 1, gameMode: ai, playerCount: 4, isAI: false 4 script_modular.js:346:17
🔍 Jugador 2, gameMode: ai, playerCount: 4, isAI: true script_modular.js:346:17
🔍 Jugador 3, gameMode: ai, playerCount: 4, isAI: true script_modular.js:346:17
🔍 Jugador 4, gameMode: ai, playerCount: 4, isAI: true script_modular.js:346:17
🔍 Jugador 1, gameMode: ai, playerCount: 4, isAI: false script_modular.js:346:17
📊 CONTEO DE CARTAS (Turno Humano): script_modular.js:678:17
  📋 En manos: 12 cartas script_modular.js:679:17
  🛡️ Equipadas: 11 cartas script_modular.js:680:17
  🃏 En mazo: 11 cartas script_modular.js:681:17
  🗑️ En descarte: 4 cartas script_modular.js:682:17
  📈 TOTAL: 38/52 cartas script_modular.js:683:17
🔍 Jugador 1, gameMode: ai, playerCount: 4, isAI: false script_modular.js:346:17
[DEBUG] drawCard: Jugador 1 robando "Bacía de barbero". Mano antes: 3 cartas, mazo: 11 cartas normal_script.js:159:21
[DEBUG] drawCard: Jugador 1 robó "Bacía de barbero". Mano después: 4 cartas, mazo: 10 cartas normal_script.js:165:21
🔍 Jugador 1, gameMode: ai, playerCount: 4, isAI: false 5 script_modular.js:346:17
🔍 Jugador 2, gameMode: ai, playerCount: 4, isAI: true script_modular.js:346:17
🔍 Jugador 3, gameMode: ai, playerCount: 4, isAI: true script_modular.js:346:17
🔍 Jugador 4, gameMode: ai, playerCount: 4, isAI: true script_modular.js:346:17
🔍 Jugador 1, gameMode: ai, playerCount: 4, isAI: false 2 script_modular.js:346:17
🔍 [DEBUG] playCard INICIADO - Índice: 3, Fase: play, hasPlayed: false, librosMode: false human_script.js:19:17
🎯 HUMANO JUGANDO CARTA: Bacía de barbero (sabotaje) - Índice: 3 human_script.js:34:17
🔍 [DEBUG] playCard - Mano antes de jugar: 4 cartas human_script.js:35:17
⚙️ HUMANO OPCIONES DE JUEGO: Bacía de barbero (sabotaje) - Índice: 3 human_script.js:92:17
🔍 [DEBUG] showPlayOptions - Carta: Bacía de barbero, Categoría: sabotaje, Tipo: bacia human_script.js:93:17
⚔️ [DEBUG] showPlayOptions - Ejecutando executeCardEffect para sabotaje human_script.js:100:21
🎯 HUMANO EJECUTANDO EFECTO: Bacía de barbero (sabotaje) human_script.js:127:17
👥 HUMANO MOSTRANDO SELECCIÓN DE JUGADOR: Bacía de barbero - Índice: 3 human_script.js:241:17
👥 HUMANO MOSTRANDO SELECCIÓN DE JUGADOR: Modo de juego: ai human_script.js:242:17
❌ ERROR: Elemento player-select-modal no encontrado en el DOM human_script.js:247:21
❌ ERROR: Creando modal dinámicamente human_script.js:248:21
✅ Modal de selección de jugador creado dinámicamente human_script.js:304:21
[DEBUG] Número de jugadores en la partida:  4 human_script.js:305:21
[DEBUG] Número de botones de jugador en el modal:  3 human_script.js:306:21
🎯 HUMANO HANDLE PLAYER SELECTION: Jugador 4 seleccionado human_script.js:371:17
⚔️ HUMANO Ejecutando sabotaje directo: Bacía de barbero contra Jugador 4 human_script.js:383:21
⚔️ EXECUTE_SABOTAGE_DIRECTLY INICIADO - Bacía de barbero contra Jugador 4 human_script.js:392:17
⚔️ Tipo de carta: bacia human_script.js:393:17
⚔️ Jugador objetivo: 3 human_script.js:394:17
🎯 BACIA: Verificando estado del yelmo del Jugador 4 human_script.js:397:21
🎯 BACIA: Yelmo actual: Yelmo human_script.js:399:21
🎯 BACIA: Yelmo protegido: false human_script.js:400:21
🎯 BACIA: Llamando removeEquipment(3, 'yelmo') human_script.js:411:25
[DEBUG] removeEquipment: Quitando yelmo de Jugador 4. Equipamiento antes: {"id":"yelmo-0","name":"Yelmo","type":"yelmo","category":"complemento","target":null} normal_script.js:264:17
🗑️ Equipamiento removido: Yelmo del Jugador 4 normal_script.js:269:17
[DEBUG] removeEquipment: Yelmo añadido al descarte. Descarte: 5 cartas normal_script.js:270:17
🎯 BACIA: Resultado de removeEquipment: true human_script.js:413:25
🎯 BACIA: Después de removeEquipment human_script.js:443:21
🎯 BACIA: Yelmo después: NO TIENE human_script.js:445:21
🎯 BACIA: Pila de descarte: 5 cartas human_script.js:446:21
⚔️ EXECUTE_SABOTAGE_DIRECTLY: Llamando discardCurrentCard() human_script.js:451:21
🗑️ DISCARD_CURRENT_CARD INICIADO - Jugador: 1, Índice: 3 human_script.js:1646:17
🔍 [DEBUG] discardCurrentCard - Estado antes: hasPlayed=false, gameMode=ai, librosMode=false human_script.js:1647:17
[DEBUG] discardCurrentCard HUMANO: Jugador 1, Índice: 3, Carta: "Bacía de barbero", Mano antes: 4 cartas human_script.js:1661:21
[DEBUG] discardCurrentCard HUMANO: "Bacía de barbero" añadida al descarte. Mano después: 3 cartas, Descarte: 6 cartas human_script.js:1666:21
🗑️ HUMANO DESCARTÓ CARTA: Bacía de barbero human_script.js:1667:21
🗑️ DISCARD_CURRENT_CARD - Estado después de descartar: hasPlayed=true, gameMode=ai, librosMode=false human_script.js:1673:21
🔍 Jugador 1, gameMode: ai, playerCount: 4, isAI: false 4 script_modular.js:346:17
🔍 Jugador 2, gameMode: ai, playerCount: 4, isAI: true script_modular.js:346:17
🔍 Jugador 3, gameMode: ai, playerCount: 4, isAI: true script_modular.js:346:17
🔍 Jugador 4, gameMode: ai, playerCount: 4, isAI: true script_modular.js:346:17
🔄 MODO AI: Finalizando turno automáticamente después de descartar carta human_script.js:1682:25
✅ [DEBUG] discardCurrentCard COMPLETADO - hasPlayed=true, currentCardIndex=undefined human_script.js:1710:17
⚔️ EXECUTE_SABOTAGE_DIRECTLY: Después de discardCurrentCard - hasPlayed=true, gameMode=ai, librosMode=false human_script.js:454:21
🔍 Jugador 1, gameMode: ai, playerCount: 4, isAI: false 4 script_modular.js:346:17
🔍 Jugador 2, gameMode: ai, playerCount: 4, isAI: true script_modular.js:346:17
🔍 Jugador 3, gameMode: ai, playerCount: 4, isAI: true script_modular.js:346:17
🔍 Jugador 4, gameMode: ai, playerCount: 4, isAI: true script_modular.js:346:17
⚔️ EXECUTE_SABOTAGE_DIRECTLY: NO llamando endTurn() aquí porque discardCurrentCard() ya lo maneja human_script.js:467:21
🔄 MODO AI: Ejecutando endTurn() desde discardCurrentCard human_script.js:1684:29
🔍 Jugador 1, gameMode: ai, playerCount: 4, isAI: false script_modular.js:346:17
🔍 Jugador 2, gameMode: ai, playerCount: 4, isAI: true script_modular.js:346:17
🔍 Jugador 3, gameMode: ai, playerCount: 4, isAI: true script_modular.js:346:17
🔍 Jugador 4, gameMode: ai, playerCount: 4, isAI: true script_modular.js:346:17
🔍 Jugador 2, gameMode: ai, playerCount: 4, isAI: true 2 script_modular.js:346:17
🤖 El siguiente jugador es IA, ejecutando turno automáticamente script_modular.js:234:25
🤖 Turno de IA: Jugador 2 aiplayer_script.js:21:17
📊 CONTEO DE CARTAS (Turno IA): aiplayer_script.js:918:17
  📋 En manos: 12 cartas aiplayer_script.js:919:17
  🛡️ Equipadas: 10 cartas aiplayer_script.js:920:17
  🃏 En mazo: 10 cartas aiplayer_script.js:921:17
  🗑️ En descarte: 6 cartas aiplayer_script.js:922:17
  📈 TOTAL: 38/52 cartas aiplayer_script.js:923:17
🤖 IA robando carta... aiplayer_script.js:32:21
[DEBUG] drawCard: Jugador 2 robando "Pies a tierra". Mano antes: 3 cartas, mazo: 10 cartas normal_script.js:159:21
[DEBUG] drawCard: Jugador 2 robó "Pies a tierra". Mano después: 4 cartas, mazo: 9 cartas normal_script.js:165:21
🤖 IA jugando carta... aiplayer_script.js:39:21
🔍 IA evaluando estratégicamente las cartas... aiplayer_script.js:70:17
🤖 IA: De tal palo, tal astilla = valor 60 aiplayer_script.js:79:21
🤖 IA: Duelo con vizcaíno = valor 80 aiplayer_script.js:79:21
🤖 IA: Rocín = valor 10 aiplayer_script.js:79:21
🤖 IA: Pies a tierra = valor 80 aiplayer_script.js:79:21
🤖 IA seleccionó estratégicamente: Duelo con vizcaíno (valor: 80) aiplayer_script.js:87:17
🤖 IA JUGANDO CARTA: Duelo con vizcaíno (sabotaje) - Índice: 1 aiplayer_script.js:101:17
⚙️ IA OPCIONES DE JUEGO: Duelo con vizcaíno (sabotaje) - Índice: 1 aiplayer_script.js:139:17
🎯 IA EJECUTANDO EFECTO: Duelo con vizcaíno (sabotaje) aiplayer_script.js:170:17
🔍 IA handleAISelection iniciado para Duelo con vizcaíno (tipo: duelo) aiplayer_script.js:192:17
🤖 IA ATACANDO AL MÁS FUERTE: Jugador 1 (Duelo con vizcaíno) aiplayer_script.js:201:25
🎯 IA PROCESANDO SELECCIÓN: Duelo con vizcaíno contra Jugador 1 aiplayer_script.js:252:17
🔍 DEBUG: Antes de discardCurrentCard - currentCardIndex=1, currentCard=null aiplayer_script.js:285:21
🔍 DEBUG: discardCurrentCard - currentCardIndex=1, hand.length=4 aiplayer_script.js:860:17
[DEBUG] discardCurrentCard IA: Jugador 2, Índice: 1, Carta: "Duelo con vizcaíno", Mano antes: 4 cartas aiplayer_script.js:872:21
[DEBUG] discardCurrentCard IA: "Duelo con vizcaíno" añadida al descarte. Mano después: 3 cartas, Descarte: 7 cartas aiplayer_script.js:877:21
🔍 DEBUG: Estado después de procesar Duelo con vizcaíno: hasDrawn=true, hasPlayed=true, aiSelectionHandled=false aiplayer_script.js:292:21
🔍 Jugador 1, gameMode: ai, playerCount: 4, isAI: false script_modular.js:346:17
🔍 Jugador 2, gameMode: ai, playerCount: 4, isAI: true script_modular.js:346:17
🔍 Jugador 3, gameMode: ai, playerCount: 4, isAI: true script_modular.js:346:17
🔍 Jugador 4, gameMode: ai, playerCount: 4, isAI: true script_modular.js:346:17
🤖 IA: Turno completado, listo para finalizar aiplayer_script.js:299:25
🤖 IA: Turno completado, listo para finalizar aiplayer_script.js:217:25
🔍 DEBUG: Condiciones para terminar turno: hasDrawn=true, librosMode=false, hasPlayed=true, aiSelectionHandled=false, isAI=true aiplayer_script.js:51:17
🤖 IA terminando turno... aiplayer_script.js:54:21
🔍 Jugador 1, gameMode: ai, playerCount: 4, isAI: false script_modular.js:346:17
🔍 Jugador 2, gameMode: ai, playerCount: 4, isAI: true script_modular.js:346:17
🔍 Jugador 3, gameMode: ai, playerCount: 4, isAI: true script_modular.js:346:17
🔍 Jugador 4, gameMode: ai, playerCount: 4, isAI: true script_modular.js:346:17
🔍 Jugador 3, gameMode: ai, playerCount: 4, isAI: true 2 script_modular.js:346:17
🤖 El siguiente jugador es IA, ejecutando turno automáticamente script_modular.js:234:25
🤖 Turno de IA: Jugador 3 aiplayer_script.js:21:17
📊 CONTEO DE CARTAS (Turno IA): aiplayer_script.js:918:17
  📋 En manos: 12 cartas aiplayer_script.js:919:17
  🛡️ Equipadas: 10 cartas aiplayer_script.js:920:17
  🃏 En mazo: 9 cartas aiplayer_script.js:921:17
  🗑️ En descarte: 7 cartas aiplayer_script.js:922:17
  📈 TOTAL: 38/52 cartas aiplayer_script.js:923:17
🤖 IA robando carta... aiplayer_script.js:32:21
[DEBUG] drawCard: Jugador 3 robando "Libros de caballería". Mano antes: 3 cartas, mazo: 9 cartas normal_script.js:159:21
[DEBUG] drawCard: Jugador 3 robó "Libros de caballería". Mano después: 4 cartas, mazo: 8 cartas normal_script.js:165:21
🤖 IA jugando carta... aiplayer_script.js:39:21
🔍 IA evaluando estratégicamente las cartas... aiplayer_script.js:70:17
🤖 IA: Rocín = valor 100 aiplayer_script.js:79:21
🤖 IA: Duelo con vizcaíno = valor 80 aiplayer_script.js:79:21
🤖 IA: Cuando las barbas veas cortar… = valor 60 aiplayer_script.js:79:21
🤖 IA: Libros de caballería = valor 120 aiplayer_script.js:79:21
🤖 IA seleccionó estratégicamente: Libros de caballería (valor: 120) aiplayer_script.js:87:17
🤖 IA JUGANDO CARTA: Libros de caballería (evento) - Índice: 3 aiplayer_script.js:101:17
📤 IA DESCARTANDO CARTA: Libros de caballería - Índice: 3 aiplayer_script.js:115:17
🎯 IA EJECUTANDO EFECTO: Libros de caballería (evento) aiplayer_script.js:170:17
🔍 DEBUG: playCardToDiscard - requiresInteraction=true, card.type=libros aiplayer_script.js:122:17
🔍 DEBUG: Carta requiere interacción, NO removiendo de mano aún aiplayer_script.js:131:21
🔍 IA handleAISelection iniciado para Libros de caballería (tipo: libros) aiplayer_script.js:192:17
📚 IA usando Libros de caballería aiplayer_script.js:243:21
📚 IA usando Libros de caballería aiplayer_script.js:629:17
📚 IA usó Libros de caballería - turno completado aiplayer_script.js:640:17
🔍 Jugador 1, gameMode: ai, playerCount: 4, isAI: false script_modular.js:346:17
🔍 Jugador 2, gameMode: ai, playerCount: 4, isAI: true script_modular.js:346:17
🔍 Jugador 3, gameMode: ai, playerCount: 4, isAI: true script_modular.js:346:17
🔍 Jugador 4, gameMode: ai, playerCount: 4, isAI: true script_modular.js:346:17
🤖 IA: Turno completado, listo para finalizar aiplayer_script.js:648:21
🔍 DEBUG: Condiciones para terminar turno: hasDrawn=true, librosMode=false, hasPlayed=true, aiSelectionHandled=false, isAI=true aiplayer_script.js:51:17
🤖 IA terminando turno... aiplayer_script.js:54:21
🔍 Jugador 1, gameMode: ai, playerCount: 4, isAI: false script_modular.js:346:17
🔍 Jugador 2, gameMode: ai, playerCount: 4, isAI: true script_modular.js:346:17
🔍 Jugador 3, gameMode: ai, playerCount: 4, isAI: true script_modular.js:346:17
🔍 Jugador 4, gameMode: ai, playerCount: 4, isAI: true 3 script_modular.js:346:17
🤖 El siguiente jugador es IA, ejecutando turno automáticamente script_modular.js:234:25
🤖 Turno de IA: Jugador 4 aiplayer_script.js:21:17
📊 CONTEO DE CARTAS (Turno IA): aiplayer_script.js:918:17
  📋 En manos: 12 cartas aiplayer_script.js:919:17
  🛡️ Equipadas: 10 cartas aiplayer_script.js:920:17
  🃏 En mazo: 8 cartas aiplayer_script.js:921:17
  🗑️ En descarte: 8 cartas aiplayer_script.js:922:17
  📈 TOTAL: 38/52 cartas aiplayer_script.js:923:17
🤖 IA robando carta... aiplayer_script.js:32:21
[DEBUG] drawCard: Jugador 4 robando "Princesa Micomicona". Mano antes: 3 cartas, mazo: 8 cartas normal_script.js:159:21
[DEBUG] drawCard: Jugador 4 robó "Princesa Micomicona". Mano después: 4 cartas, mazo: 7 cartas normal_script.js:165:21
🤖 IA jugando carta... aiplayer_script.js:39:21
🔍 IA evaluando estratégicamente las cartas... aiplayer_script.js:70:17
🤖 IA: Escudero = valor 100 aiplayer_script.js:79:21
🤖 IA: A caballo regalado… = valor 60 aiplayer_script.js:79:21
🤖 IA: Princesa Micomicona = valor 70 2 aiplayer_script.js:79:21
🤖 IA seleccionó estratégicamente: Escudero (valor: 100) aiplayer_script.js:87:17
🤖 IA JUGANDO CARTA: Escudero (complemento) - Índice: 0 aiplayer_script.js:101:17
⚙️ IA OPCIONES DE JUEGO: Escudero (complemento) - Índice: 0 aiplayer_script.js:139:17
[DEBUG] addEquipment IA: Equipando "Escudero" como escudero. Mano antes: 4 cartas aiplayer_script.js:316:21
[DEBUG] addEquipment IA: "Escudero" removida de la mano. Mano después: 3 cartas aiplayer_script.js:319:21
✅ CARTA EQUIPADA: Escudero removida de la mano aiplayer_script.js:320:21
🔧 IA equipó: Escudero aiplayer_script.js:328:21
🔍 Jugador 1, gameMode: ai, playerCount: 4, isAI: false script_modular.js:346:17
🔍 Jugador 2, gameMode: ai, playerCount: 4, isAI: true script_modular.js:346:17
🔍 Jugador 3, gameMode: ai, playerCount: 4, isAI: true script_modular.js:346:17
🔍 Jugador 4, gameMode: ai, playerCount: 4, isAI: true script_modular.js:346:17
🤖 IA: Turno completado, listo para finalizar aiplayer_script.js:348:21
🔍 DEBUG: Condiciones para terminar turno: hasDrawn=true, librosMode=false, hasPlayed=true, aiSelectionHandled=false, isAI=true aiplayer_script.js:51:17
🤖 IA terminando turno... aiplayer_script.js:54:21
🔍 Jugador 1, gameMode: ai, playerCount: 4, isAI: false 4 script_modular.js:346:17
🔍 Jugador 2, gameMode: ai, playerCount: 4, isAI: true script_modular.js:346:17
🔍 Jugador 3, gameMode: ai, playerCount: 4, isAI: true script_modular.js:346:17
🔍 Jugador 4, gameMode: ai, playerCount: 4, isAI: true script_modular.js:346:17
🔍 Jugador 1, gameMode: ai, playerCount: 4, isAI: false script_modular.js:346:17
📊 CONTEO DE CARTAS (Turno Humano): script_modular.js:678:17
  📋 En manos: 12 cartas script_modular.js:679:17
  🛡️ Equipadas: 11 cartas script_modular.js:680:17
  🃏 En mazo: 7 cartas script_modular.js:681:17
  🗑️ En descarte: 8 cartas script_modular.js:682:17
  📈 TOTAL: 38/52 cartas script_modular.js:683:17
🔍 Jugador 1, gameMode: ai, playerCount: 4, isAI: false script_modular.js:346:17
[DEBUG] drawCard: Jugador 1 robando "Cuchicheos de ventero". Mano antes: 3 cartas, mazo: 7 cartas normal_script.js:159:21
[DEBUG] drawCard: Jugador 1 robó "Cuchicheos de ventero". Mano después: 4 cartas, mazo: 6 cartas normal_script.js:165:21
🔍 Jugador 1, gameMode: ai, playerCount: 4, isAI: false 5 script_modular.js:346:17
🔍 Jugador 2, gameMode: ai, playerCount: 4, isAI: true script_modular.js:346:17
🔍 Jugador 3, gameMode: ai, playerCount: 4, isAI: true script_modular.js:346:17
🔍 Jugador 4, gameMode: ai, playerCount: 4, isAI: true script_modular.js:346:17
🔍 Jugador 1, gameMode: ai, playerCount: 4, isAI: false 2 script_modular.js:346:17
🔍 [DEBUG] playCard INICIADO - Índice: 2, Fase: play, hasPlayed: false, librosMode: false human_script.js:19:17
🎯 HUMANO JUGANDO CARTA: Flaqueza y mala traza (sabotaje) - Índice: 2 human_script.js:34:17
🔍 [DEBUG] playCard - Mano antes de jugar: 4 cartas human_script.js:35:17
⚙️ HUMANO OPCIONES DE JUEGO: Flaqueza y mala traza (sabotaje) - Índice: 2 human_script.js:92:17
🔍 [DEBUG] showPlayOptions - Carta: Flaqueza y mala traza, Categoría: sabotaje, Tipo: flaqueza human_script.js:93:17
⚔️ [DEBUG] showPlayOptions - Ejecutando executeCardEffect para sabotaje human_script.js:100:21
🎯 HUMANO EJECUTANDO EFECTO: Flaqueza y mala traza (sabotaje) human_script.js:127:17
👥 HUMANO MOSTRANDO SELECCIÓN DE JUGADOR: Flaqueza y mala traza - Índice: 2 human_script.js:241:17
👥 HUMANO MOSTRANDO SELECCIÓN DE JUGADOR: Modo de juego: ai human_script.js:242:17
❌ ERROR: Elemento player-select-modal no encontrado en el DOM human_script.js:247:21
❌ ERROR: Creando modal dinámicamente human_script.js:248:21
✅ Modal de selección de jugador creado dinámicamente human_script.js:304:21
[DEBUG] Número de jugadores en la partida:  4 human_script.js:305:21
[DEBUG] Número de botones de jugador en el modal:  3 human_script.js:306:21
🔍 Jugador 1, gameMode: ai, playerCount: 4, isAI: false script_modular.js:346:17
🔍 [DEBUG] playCard INICIADO - Índice: 2, Fase: play, hasPlayed: false, librosMode: false human_script.js:19:17
🎯 HUMANO JUGANDO CARTA: Flaqueza y mala traza (sabotaje) - Índice: 2 human_script.js:34:17
🔍 [DEBUG] playCard - Mano antes de jugar: 4 cartas human_script.js:35:17
⚙️ HUMANO OPCIONES DE JUEGO: Flaqueza y mala traza (sabotaje) - Índice: 2 human_script.js:92:17
🔍 [DEBUG] showPlayOptions - Carta: Flaqueza y mala traza, Categoría: sabotaje, Tipo: flaqueza human_script.js:93:17
⚔️ [DEBUG] showPlayOptions - Ejecutando executeCardEffect para sabotaje human_script.js:100:21
🎯 HUMANO EJECUTANDO EFECTO: Flaqueza y mala traza (sabotaje) human_script.js:127:17
👥 HUMANO MOSTRANDO SELECCIÓN DE JUGADOR: Flaqueza y mala traza - Índice: 2 human_script.js:241:17
👥 HUMANO MOSTRANDO SELECCIÓN DE JUGADOR: Modo de juego: ai human_script.js:242:17
❌ ERROR: Elemento player-select-modal no encontrado en el DOM human_script.js:247:21
❌ ERROR: Creando modal dinámicamente human_script.js:248:21
✅ Modal de selección de jugador creado dinámicamente human_script.js:304:21
[DEBUG] Número de jugadores en la partida:  4 human_script.js:305:21
[DEBUG] Número de botones de jugador en el modal:  3 human_script.js:306:21
🎯 HUMANO HANDLE PLAYER SELECTION: Jugador 4 seleccionado human_script.js:371:17
⚔️ HUMANO Ejecutando sabotaje directo: Flaqueza y mala traza contra Jugador 4 human_script.js:383:21
⚔️ EXECUTE_SABOTAGE_DIRECTLY INICIADO - Flaqueza y mala traza contra Jugador 4 human_script.js:392:17
⚔️ Tipo de carta: flaqueza human_script.js:393:17
⚔️ Jugador objetivo: 3 human_script.js:394:17
🛡️ Equipamiento protegido: rocin del Jugador 4 normal_script.js:249:21
🗑️ PROTECCIÓN CONSUMIDA: Bálsamo de Fierabrás va al descarte normal_script.js:255:25
⚔️ EXECUTE_SABOTAGE_DIRECTLY: Llamando discardCurrentCard() human_script.js:451:21
🗑️ DISCARD_CURRENT_CARD INICIADO - Jugador: 1, Índice: 2 human_script.js:1646:17
🔍 [DEBUG] discardCurrentCard - Estado antes: hasPlayed=false, gameMode=ai, librosMode=false human_script.js:1647:17
[DEBUG] discardCurrentCard HUMANO: Jugador 1, Índice: 2, Carta: "Flaqueza y mala traza", Mano antes: 4 cartas human_script.js:1661:21
[DEBUG] discardCurrentCard HUMANO: "Flaqueza y mala traza" añadida al descarte. Mano después: 3 cartas, Descarte: 10 cartas human_script.js:1666:21
🗑️ HUMANO DESCARTÓ CARTA: Flaqueza y mala traza human_script.js:1667:21
🗑️ DISCARD_CURRENT_CARD - Estado después de descartar: hasPlayed=true, gameMode=ai, librosMode=false human_script.js:1673:21
🔍 Jugador 1, gameMode: ai, playerCount: 4, isAI: false 4 script_modular.js:346:17
🔍 Jugador 2, gameMode: ai, playerCount: 4, isAI: true script_modular.js:346:17
🔍 Jugador 3, gameMode: ai, playerCount: 4, isAI: true script_modular.js:346:17
🔍 Jugador 4, gameMode: ai, playerCount: 4, isAI: true script_modular.js:346:17
🔄 MODO AI: Finalizando turno automáticamente después de descartar carta human_script.js:1682:25
✅ [DEBUG] discardCurrentCard COMPLETADO - hasPlayed=true, currentCardIndex=undefined human_script.js:1710:17
⚔️ EXECUTE_SABOTAGE_DIRECTLY: Después de discardCurrentCard - hasPlayed=true, gameMode=ai, librosMode=false human_script.js:454:21
🔍 Jugador 1, gameMode: ai, playerCount: 4, isAI: false 4 script_modular.js:346:17
🔍 Jugador 2, gameMode: ai, playerCount: 4, isAI: true script_modular.js:346:17
🔍 Jugador 3, gameMode: ai, playerCount: 4, isAI: true script_modular.js:346:17
🔍 Jugador 4, gameMode: ai, playerCount: 4, isAI: true script_modular.js:346:17
⚔️ EXECUTE_SABOTAGE_DIRECTLY: NO llamando endTurn() aquí porque discardCurrentCard() ya lo maneja human_script.js:467:21
🔄 MODO AI: Ejecutando endTurn() desde discardCurrentCard human_script.js:1684:29
🔍 Jugador 1, gameMode: ai, playerCount: 4, isAI: false script_modular.js:346:17
🔍 Jugador 2, gameMode: ai, playerCount: 4, isAI: true script_modular.js:346:17
🔍 Jugador 3, gameMode: ai, playerCount: 4, isAI: true script_modular.js:346:17
🔍 Jugador 4, gameMode: ai, playerCount: 4, isAI: true script_modular.js:346:17
🔍 Jugador 2, gameMode: ai, playerCount: 4, isAI: true 2 script_modular.js:346:17
🤖 El siguiente jugador es IA, ejecutando turno automáticamente script_modular.js:234:25
🤖 Turno de IA: Jugador 2 aiplayer_script.js:21:17
📊 CONTEO DE CARTAS (Turno IA): aiplayer_script.js:918:17
  📋 En manos: 12 cartas aiplayer_script.js:919:17
  🛡️ Equipadas: 10 cartas aiplayer_script.js:920:17
  🃏 En mazo: 6 cartas aiplayer_script.js:921:17
  🗑️ En descarte: 10 cartas aiplayer_script.js:922:17
  📈 TOTAL: 38/52 cartas aiplayer_script.js:923:17
🤖 IA robando carta... aiplayer_script.js:32:21
[DEBUG] drawCard: Jugador 2 robando "Bacía de barbero". Mano antes: 3 cartas, mazo: 6 cartas normal_script.js:159:21
[DEBUG] drawCard: Jugador 2 robó "Bacía de barbero". Mano después: 4 cartas, mazo: 5 cartas normal_script.js:165:21
🤖 IA jugando carta... aiplayer_script.js:39:21
🔍 IA evaluando estratégicamente las cartas... aiplayer_script.js:70:17
🤖 IA: De tal palo, tal astilla = valor 60 aiplayer_script.js:79:21
🤖 IA: Rocín = valor 10 aiplayer_script.js:79:21
🤖 IA: Pies a tierra = valor 80 aiplayer_script.js:79:21
🤖 IA: Bacía de barbero = valor 80 aiplayer_script.js:79:21
🤖 IA seleccionó estratégicamente: Pies a tierra (valor: 80) aiplayer_script.js:87:17
🤖 IA JUGANDO CARTA: Pies a tierra (sabotaje) - Índice: 2 aiplayer_script.js:101:17
⚙️ IA OPCIONES DE JUEGO: Pies a tierra (sabotaje) - Índice: 2 aiplayer_script.js:139:17
🎯 IA EJECUTANDO EFECTO: Pies a tierra (sabotaje) aiplayer_script.js:170:17
🔍 IA handleAISelection iniciado para Pies a tierra (tipo: pies) aiplayer_script.js:192:17
🤖 IA ATACANDO AL MÁS FUERTE: Jugador 4 (Pies a tierra) aiplayer_script.js:201:25
🎯 IA PROCESANDO SELECCIÓN: Pies a tierra contra Jugador 4 aiplayer_script.js:252:17
[DEBUG] removeEquipment: Quitando escudero de Jugador 4. Equipamiento antes: {"id":"escudero-0","name":"Escudero","type":"escudero","category":"complemento","target":null} normal_script.js:264:17
🗑️ Equipamiento removido: Escudero del Jugador 4 normal_script.js:269:17
[DEBUG] removeEquipment: Escudero añadido al descarte. Descarte: 11 cartas normal_script.js:270:17
🔍 DEBUG: Antes de discardCurrentCard - currentCardIndex=2, currentCard=null aiplayer_script.js:285:21
🔍 DEBUG: discardCurrentCard - currentCardIndex=2, hand.length=4 aiplayer_script.js:860:17
[DEBUG] discardCurrentCard IA: Jugador 2, Índice: 2, Carta: "Pies a tierra", Mano antes: 4 cartas aiplayer_script.js:872:21
[DEBUG] discardCurrentCard IA: "Pies a tierra" añadida al descarte. Mano después: 3 cartas, Descarte: 12 cartas aiplayer_script.js:877:21
🔍 DEBUG: Estado después de procesar Pies a tierra: hasDrawn=true, hasPlayed=true, aiSelectionHandled=false aiplayer_script.js:292:21
🔍 Jugador 1, gameMode: ai, playerCount: 4, isAI: false script_modular.js:346:17
🔍 Jugador 2, gameMode: ai, playerCount: 4, isAI: true script_modular.js:346:17
🔍 Jugador 3, gameMode: ai, playerCount: 4, isAI: true script_modular.js:346:17
🔍 Jugador 4, gameMode: ai, playerCount: 4, isAI: true script_modular.js:346:17
🤖 IA: Turno completado, listo para finalizar aiplayer_script.js:299:25
🤖 IA: Turno completado, listo para finalizar aiplayer_script.js:217:25
🔍 DEBUG: Condiciones para terminar turno: hasDrawn=true, librosMode=false, hasPlayed=true, aiSelectionHandled=false, isAI=true aiplayer_script.js:51:17
🤖 IA terminando turno... aiplayer_script.js:54:21
🔍 Jugador 1, gameMode: ai, playerCount: 4, isAI: false script_modular.js:346:17
🔍 Jugador 2, gameMode: ai, playerCount: 4, isAI: true script_modular.js:346:17
🔍 Jugador 3, gameMode: ai, playerCount: 4, isAI: true script_modular.js:346:17
🔍 Jugador 4, gameMode: ai, playerCount: 4, isAI: true script_modular.js:346:17
🔍 Jugador 3, gameMode: ai, playerCount: 4, isAI: true 2 script_modular.js:346:17
🤖 El siguiente jugador es IA, ejecutando turno automáticamente script_modular.js:234:25
🤖 Turno de IA: Jugador 3 aiplayer_script.js:21:17
📊 CONTEO DE CARTAS (Turno IA): aiplayer_script.js:918:17
  📋 En manos: 12 cartas aiplayer_script.js:919:17
  🛡️ Equipadas: 9 cartas aiplayer_script.js:920:17
  🃏 En mazo: 5 cartas aiplayer_script.js:921:17
  🗑️ En descarte: 12 cartas aiplayer_script.js:922:17
  📈 TOTAL: 38/52 cartas aiplayer_script.js:923:17
🤖 IA robando carta... aiplayer_script.js:32:21
[DEBUG] drawCard: Jugador 3 robando "Lanza". Mano antes: 3 cartas, mazo: 5 cartas normal_script.js:159:21
[DEBUG] drawCard: Jugador 3 robó "Lanza". Mano después: 4 cartas, mazo: 4 cartas normal_script.js:165:21
🤖 IA jugando carta... aiplayer_script.js:39:21
🔍 IA evaluando estratégicamente las cartas... aiplayer_script.js:70:17
🤖 IA: Rocín = valor 100 aiplayer_script.js:79:21
🤖 IA: Duelo con vizcaíno = valor 80 aiplayer_script.js:79:21
🤖 IA: Cuando las barbas veas cortar… = valor 60 aiplayer_script.js:79:21
🤖 IA: Lanza = valor 10 aiplayer_script.js:79:21
🤖 IA seleccionó estratégicamente: Rocín (valor: 100) aiplayer_script.js:87:17
🤖 IA JUGANDO CARTA: Rocín (complemento) - Índice: 0 aiplayer_script.js:101:17
⚙️ IA OPCIONES DE JUEGO: Rocín (complemento) - Índice: 0 aiplayer_script.js:139:17
[DEBUG] addEquipment IA: Equipando "Rocín" como rocin. Mano antes: 4 cartas aiplayer_script.js:316:21
[DEBUG] addEquipment IA: "Rocín" removida de la mano. Mano después: 3 cartas aiplayer_script.js:319:21
✅ CARTA EQUIPADA: Rocín removida de la mano aiplayer_script.js:320:21
🔧 IA equipó: Rocín aiplayer_script.js:328:21
🔍 Jugador 1, gameMode: ai, playerCount: 4, isAI: false script_modular.js:346:17
🔍 Jugador 2, gameMode: ai, playerCount: 4, isAI: true script_modular.js:346:17
🔍 Jugador 3, gameMode: ai, playerCount: 4, isAI: true script_modular.js:346:17
🔍 Jugador 4, gameMode: ai, playerCount: 4, isAI: true script_modular.js:346:17
🤖 IA: Turno completado, listo para finalizar aiplayer_script.js:348:21
🔍 DEBUG: Condiciones para terminar turno: hasDrawn=true, librosMode=false, hasPlayed=true, aiSelectionHandled=false, isAI=true aiplayer_script.js:51:17
🤖 IA terminando turno... aiplayer_script.js:54:21
🔍 Jugador 1, gameMode: ai, playerCount: 4, isAI: false script_modular.js:346:17
🔍 Jugador 2, gameMode: ai, playerCount: 4, isAI: true script_modular.js:346:17
🔍 Jugador 3, gameMode: ai, playerCount: 4, isAI: true script_modular.js:346:17
🔍 Jugador 4, gameMode: ai, playerCount: 4, isAI: true 3 script_modular.js:346:17
🤖 El siguiente jugador es IA, ejecutando turno automáticamente script_modular.js:234:25
🤖 Turno de IA: Jugador 4 aiplayer_script.js:21:17
📊 CONTEO DE CARTAS (Turno IA): aiplayer_script.js:918:17
  📋 En manos: 12 cartas aiplayer_script.js:919:17
  🛡️ Equipadas: 10 cartas aiplayer_script.js:920:17
  🃏 En mazo: 4 cartas aiplayer_script.js:921:17
  🗑️ En descarte: 12 cartas aiplayer_script.js:922:17
  📈 TOTAL: 38/52 cartas aiplayer_script.js:923:17
🤖 IA robando carta... aiplayer_script.js:32:21
[DEBUG] drawCard: Jugador 4 robando "Flaqueza y mala traza". Mano antes: 3 cartas, mazo: 4 cartas normal_script.js:159:21
[DEBUG] drawCard: Jugador 4 robó "Flaqueza y mala traza". Mano después: 4 cartas, mazo: 3 cartas normal_script.js:165:21
🤖 IA jugando carta... aiplayer_script.js:39:21
🔍 IA evaluando estratégicamente las cartas... aiplayer_script.js:70:17
🤖 IA: A caballo regalado… = valor 60 aiplayer_script.js:79:21
🤖 IA: Princesa Micomicona = valor 70 2 aiplayer_script.js:79:21
🤖 IA: Flaqueza y mala traza = valor 80 aiplayer_script.js:79:21
🤖 IA seleccionó estratégicamente: Flaqueza y mala traza (valor: 80) aiplayer_script.js:87:17
🤖 IA JUGANDO CARTA: Flaqueza y mala traza (sabotaje) - Índice: 3 aiplayer_script.js:101:17
⚙️ IA OPCIONES DE JUEGO: Flaqueza y mala traza (sabotaje) - Índice: 3 aiplayer_script.js:139:17
🎯 IA EJECUTANDO EFECTO: Flaqueza y mala traza (sabotaje) aiplayer_script.js:170:17
🔍 IA handleAISelection iniciado para Flaqueza y mala traza (tipo: flaqueza) aiplayer_script.js:192:17
🤖 IA ATACANDO AL MÁS FUERTE: Jugador 3 (Flaqueza y mala traza) aiplayer_script.js:201:25
🎯 IA PROCESANDO SELECCIÓN: Flaqueza y mala traza contra Jugador 3 aiplayer_script.js:252:17
[DEBUG] removeEquipment: Quitando rocin de Jugador 3. Equipamiento antes: {"id":"rocin-2","name":"Rocín","type":"rocin","category":"complemento","target":null} normal_script.js:264:17
🗑️ Equipamiento removido: Rocín del Jugador 3 normal_script.js:269:17
[DEBUG] removeEquipment: Rocín añadido al descarte. Descarte: 13 cartas normal_script.js:270:17
🔍 DEBUG: Antes de discardCurrentCard - currentCardIndex=3, currentCard=null aiplayer_script.js:285:21
🔍 DEBUG: discardCurrentCard - currentCardIndex=3, hand.length=4 aiplayer_script.js:860:17
[DEBUG] discardCurrentCard IA: Jugador 4, Índice: 3, Carta: "Flaqueza y mala traza", Mano antes: 4 cartas aiplayer_script.js:872:21
[DEBUG] discardCurrentCard IA: "Flaqueza y mala traza" añadida al descarte. Mano después: 3 cartas, Descarte: 14 cartas aiplayer_script.js:877:21
🔍 DEBUG: Estado después de procesar Flaqueza y mala traza: hasDrawn=true, hasPlayed=true, aiSelectionHandled=false aiplayer_script.js:292:21
🔍 Jugador 1, gameMode: ai, playerCount: 4, isAI: false script_modular.js:346:17
🔍 Jugador 2, gameMode: ai, playerCount: 4, isAI: true script_modular.js:346:17
🔍 Jugador 3, gameMode: ai, playerCount: 4, isAI: true script_modular.js:346:17
🔍 Jugador 4, gameMode: ai, playerCount: 4, isAI: true script_modular.js:346:17
🤖 IA: Turno completado, listo para finalizar aiplayer_script.js:299:25
🤖 IA: Turno completado, listo para finalizar aiplayer_script.js:217:25
🔍 DEBUG: Condiciones para terminar turno: hasDrawn=true, librosMode=false, hasPlayed=true, aiSelectionHandled=false, isAI=true aiplayer_script.js:51:17
🤖 IA terminando turno... aiplayer_script.js:54:21
🔍 Jugador 1, gameMode: ai, playerCount: 4, isAI: false 4 script_modular.js:346:17
🔍 Jugador 2, gameMode: ai, playerCount: 4, isAI: true script_modular.js:346:17
🔍 Jugador 3, gameMode: ai, playerCount: 4, isAI: true script_modular.js:346:17
🔍 Jugador 4, gameMode: ai, playerCount: 4, isAI: true script_modular.js:346:17
🔍 Jugador 1, gameMode: ai, playerCount: 4, isAI: false script_modular.js:346:17
📊 CONTEO DE CARTAS (Turno Humano): script_modular.js:678:17
  📋 En manos: 12 cartas script_modular.js:679:17
  🛡️ Equipadas: 9 cartas script_modular.js:680:17
  🃏 En mazo: 3 cartas script_modular.js:681:17
  🗑️ En descarte: 14 cartas script_modular.js:682:17
  📈 TOTAL: 38/52 cartas script_modular.js:683:17
🔍 Jugador 1, gameMode: ai, playerCount: 4, isAI: false script_modular.js:346:17
[DEBUG] drawCard: Jugador 1 robando "Yelmo". Mano antes: 3 cartas, mazo: 3 cartas normal_script.js:159:21
[DEBUG] drawCard: Jugador 1 robó "Yelmo". Mano después: 4 cartas, mazo: 2 cartas normal_script.js:165:21
🔍 Jugador 1, gameMode: ai, playerCount: 4, isAI: false 5 script_modular.js:346:17
🔍 Jugador 2, gameMode: ai, playerCount: 4, isAI: true script_modular.js:346:17
🔍 Jugador 3, gameMode: ai, playerCount: 4, isAI: true script_modular.js:346:17
🔍 Jugador 4, gameMode: ai, playerCount: 4, isAI: true script_modular.js:346:17
🔍 Jugador 1, gameMode: ai, playerCount: 4, isAI: false 2 script_modular.js:346:17
🔍 [DEBUG] playCard INICIADO - Índice: 3, Fase: play, hasPlayed: false, librosMode: false human_script.js:19:17
🎯 HUMANO JUGANDO CARTA: Yelmo (complemento) - Índice: 3 human_script.js:34:17
🔍 [DEBUG] playCard - Mano antes de jugar: 4 cartas human_script.js:35:17
⚙️ HUMANO OPCIONES DE JUEGO: Yelmo (complemento) - Índice: 3 human_script.js:92:17
🔍 [DEBUG] showPlayOptions - Carta: Yelmo, Categoría: complemento, Tipo: yelmo human_script.js:93:17
🔧 [DEBUG] showPlayOptions - Ejecutando addEquipment para complemento human_script.js:96:21
[DEBUG] addEquipment HUMANO: Equipando "Yelmo" como yelmo. Mano antes: 4 cartas human_script.js:173:21
[DEBUG] addEquipment HUMANO: "Yelmo" removida de la mano. Mano después: 3 cartas human_script.js:176:21
[DEBUG] addEquipment HUMANO: "Yelmo" añadida al descarte por duplicado. Descarte: 15 cartas human_script.js:183:25
🗑️ HUMANO descartó automáticamente Yelmo por duplicado al jugarla human_script.js:184:25
🔧 HUMANO ya tenía: Yelmo human_script.js:195:21
🔍 Jugador 1, gameMode: ai, playerCount: 4, isAI: false 4 script_modular.js:346:17
🔍 Jugador 2, gameMode: ai, playerCount: 4, isAI: true script_modular.js:346:17
🔍 Jugador 3, gameMode: ai, playerCount: 4, isAI: true script_modular.js:346:17
🔍 Jugador 4, gameMode: ai, playerCount: 4, isAI: true script_modular.js:346:17
🔄 MODO AI: Finalizando turno automáticamente después de equipar human_script.js:214:21
🔍 Jugador 1, gameMode: ai, playerCount: 4, isAI: false script_modular.js:346:17
🔍 Jugador 2, gameMode: ai, playerCount: 4, isAI: true script_modular.js:346:17
🔍 Jugador 3, gameMode: ai, playerCount: 4, isAI: true script_modular.js:346:17
🔍 Jugador 4, gameMode: ai, playerCount: 4, isAI: true script_modular.js:346:17
🔍 Jugador 2, gameMode: ai, playerCount: 4, isAI: true 2 script_modular.js:346:17
🤖 El siguiente jugador es IA, ejecutando turno automáticamente script_modular.js:234:25
🤖 Turno de IA: Jugador 2 aiplayer_script.js:21:17
📊 CONTEO DE CARTAS (Turno IA): aiplayer_script.js:918:17
  📋 En manos: 12 cartas aiplayer_script.js:919:17
  🛡️ Equipadas: 9 cartas aiplayer_script.js:920:17
  🃏 En mazo: 2 cartas aiplayer_script.js:921:17
  🗑️ En descarte: 15 cartas aiplayer_script.js:922:17
  📈 TOTAL: 38/52 cartas aiplayer_script.js:923:17
🤖 IA robando carta... aiplayer_script.js:32:21
[DEBUG] drawCard: Jugador 2 robando "Oferta de ínsula". Mano antes: 3 cartas, mazo: 2 cartas normal_script.js:159:21
[DEBUG] drawCard: Jugador 2 robó "Oferta de ínsula". Mano después: 4 cartas, mazo: 1 cartas normal_script.js:165:21
🤖 IA jugando carta... aiplayer_script.js:39:21
🔍 IA evaluando estratégicamente las cartas... aiplayer_script.js:70:17
🤖 IA: De tal palo, tal astilla = valor 60 aiplayer_script.js:79:21
🤖 IA: Rocín = valor 10 aiplayer_script.js:79:21
🤖 IA: Bacía de barbero = valor 80 aiplayer_script.js:79:21
🤖 IA: Oferta de ínsula = valor 60 aiplayer_script.js:79:21
🤖 IA seleccionó estratégicamente: Bacía de barbero (valor: 80) aiplayer_script.js:87:17
🤖 IA JUGANDO CARTA: Bacía de barbero (sabotaje) - Índice: 2 aiplayer_script.js:101:17
⚙️ IA OPCIONES DE JUEGO: Bacía de barbero (sabotaje) - Índice: 2 aiplayer_script.js:139:17
🎯 IA EJECUTANDO EFECTO: Bacía de barbero (sabotaje) aiplayer_script.js:170:17
🔍 IA handleAISelection iniciado para Bacía de barbero (tipo: bacia) aiplayer_script.js:192:17
🤖 IA ATACANDO AL MÁS FUERTE: Jugador 1 (Bacía de barbero) aiplayer_script.js:201:25
🎯 IA PROCESANDO SELECCIÓN: Bacía de barbero contra Jugador 1 aiplayer_script.js:252:17
[DEBUG] removeEquipment: Quitando yelmo de Jugador 1. Equipamiento antes: {"id":"yelmo-3","name":"Yelmo","type":"yelmo","category":"complemento","target":null} normal_script.js:264:17
🗑️ Equipamiento removido: Yelmo del Jugador 1 normal_script.js:269:17
[DEBUG] removeEquipment: Yelmo añadido al descarte. Descarte: 16 cartas normal_script.js:270:17
🔍 DEBUG: Antes de discardCurrentCard - currentCardIndex=2, currentCard=null aiplayer_script.js:285:21
🔍 DEBUG: discardCurrentCard - currentCardIndex=2, hand.length=4 aiplayer_script.js:860:17
[DEBUG] discardCurrentCard IA: Jugador 2, Índice: 2, Carta: "Bacía de barbero", Mano antes: 4 cartas aiplayer_script.js:872:21
[DEBUG] discardCurrentCard IA: "Bacía de barbero" añadida al descarte. Mano después: 3 cartas, Descarte: 17 cartas aiplayer_script.js:877:21
🔍 DEBUG: Estado después de procesar Bacía de barbero: hasDrawn=true, hasPlayed=true, aiSelectionHandled=false aiplayer_script.js:292:21
🔍 Jugador 1, gameMode: ai, playerCount: 4, isAI: false script_modular.js:346:17
🔍 Jugador 2, gameMode: ai, playerCount: 4, isAI: true script_modular.js:346:17
🔍 Jugador 3, gameMode: ai, playerCount: 4, isAI: true script_modular.js:346:17
🔍 Jugador 4, gameMode: ai, playerCount: 4, isAI: true script_modular.js:346:17
🤖 IA: Turno completado, listo para finalizar aiplayer_script.js:299:25
🤖 IA: Turno completado, listo para finalizar aiplayer_script.js:217:25
🔍 DEBUG: Condiciones para terminar turno: hasDrawn=true, librosMode=false, hasPlayed=true, aiSelectionHandled=false, isAI=true aiplayer_script.js:51:17
🤖 IA terminando turno... aiplayer_script.js:54:21
🔍 Jugador 1, gameMode: ai, playerCount: 4, isAI: false script_modular.js:346:17
🔍 Jugador 2, gameMode: ai, playerCount: 4, isAI: true script_modular.js:346:17
🔍 Jugador 3, gameMode: ai, playerCount: 4, isAI: true script_modular.js:346:17
🔍 Jugador 4, gameMode: ai, playerCount: 4, isAI: true script_modular.js:346:17
🔍 Jugador 3, gameMode: ai, playerCount: 4, isAI: true 2 script_modular.js:346:17
🤖 El siguiente jugador es IA, ejecutando turno automáticamente script_modular.js:234:25
🤖 Turno de IA: Jugador 3 aiplayer_script.js:21:17
📊 CONTEO DE CARTAS (Turno IA): aiplayer_script.js:918:17
  📋 En manos: 12 cartas aiplayer_script.js:919:17
  🛡️ Equipadas: 8 cartas aiplayer_script.js:920:17
  🃏 En mazo: 1 cartas aiplayer_script.js:921:17
  🗑️ En descarte: 17 cartas aiplayer_script.js:922:17
  📈 TOTAL: 38/52 cartas aiplayer_script.js:923:17
🤖 IA robando carta... aiplayer_script.js:32:21
[DEBUG] drawCard: Jugador 3 robando "Molino de viento". Mano antes: 3 cartas, mazo: 1 cartas normal_script.js:159:21
[DEBUG] drawCard: Jugador 3 robó "Molino de viento". Mano después: 4 cartas, mazo: 0 cartas normal_script.js:165:21
🤖 IA jugando carta... aiplayer_script.js:39:21
🔍 IA evaluando estratégicamente las cartas... aiplayer_script.js:70:17
🤖 IA: Duelo con vizcaíno = valor 80 aiplayer_script.js:79:21
🤖 IA: Cuando las barbas veas cortar… = valor 60 aiplayer_script.js:79:21
🤖 IA: Lanza = valor 10 aiplayer_script.js:79:21
🤖 IA: Molino de viento = valor 100 aiplayer_script.js:79:21
🤖 IA seleccionó estratégicamente: Molino de viento (valor: 100) aiplayer_script.js:87:17
🤖 IA JUGANDO CARTA: Molino de viento (evento) - Índice: 3 aiplayer_script.js:101:17
📤 IA DESCARTANDO CARTA: Molino de viento - Índice: 3 aiplayer_script.js:115:17
🎯 IA EJECUTANDO EFECTO: Molino de viento (evento) aiplayer_script.js:170:17
🌪️ IA activó Molino de viento aiplayer_script.js:545:17
🔍 DEBUG: playCardToDiscard - requiresInteraction=false, card.type=molino aiplayer_script.js:122:17
🔍 DEBUG: Condiciones para terminar turno: hasDrawn=true, librosMode=false, hasPlayed=true, aiSelectionHandled=false, isAI=true aiplayer_script.js:51:17
🤖 IA terminando turno... aiplayer_script.js:54:21
🔍 Jugador 1, gameMode: ai, playerCount: 4, isAI: false script_modular.js:346:17
🔍 Jugador 2, gameMode: ai, playerCount: 4, isAI: true script_modular.js:346:17
🔍 Jugador 3, gameMode: ai, playerCount: 4, isAI: true script_modular.js:346:17
🔍 Jugador 4, gameMode: ai, playerCount: 4, isAI: true 3 script_modular.js:346:17
🤖 El siguiente jugador es IA, ejecutando turno automáticamente script_modular.js:234:25
🤖 Turno de IA: Jugador 4 aiplayer_script.js:21:17
📊 CONTEO DE CARTAS (Turno IA): aiplayer_script.js:918:17
  📋 En manos: 12 cartas aiplayer_script.js:919:17
  🛡️ Equipadas: 8 cartas aiplayer_script.js:920:17
  🃏 En mazo: 0 cartas aiplayer_script.js:921:17
  🗑️ En descarte: 18 cartas aiplayer_script.js:922:17
  📈 TOTAL: 38/52 cartas aiplayer_script.js:923:17
🤖 IA robando carta... aiplayer_script.js:32:21
[DEBUG] drawCard: Jugador 4 robando "Duelo con vizcaíno". Mano antes: 3 cartas, mazo: 17 cartas normal_script.js:159:21
[DEBUG] drawCard: Jugador 4 robó "Duelo con vizcaíno". Mano después: 4 cartas, mazo: 16 cartas normal_script.js:165:21
🤖 IA jugando carta... aiplayer_script.js:39:21
🔍 IA evaluando estratégicamente las cartas... aiplayer_script.js:70:17
🤖 IA: A caballo regalado… = valor 60 aiplayer_script.js:79:21
🤖 IA: Princesa Micomicona = valor 70 2 aiplayer_script.js:79:21
🤖 IA: Duelo con vizcaíno = valor 80 aiplayer_script.js:79:21
🤖 IA seleccionó estratégicamente: Duelo con vizcaíno (valor: 80) aiplayer_script.js:87:17
🤖 IA JUGANDO CARTA: Duelo con vizcaíno (sabotaje) - Índice: 3 aiplayer_script.js:101:17
⚙️ IA OPCIONES DE JUEGO: Duelo con vizcaíno (sabotaje) - Índice: 3 aiplayer_script.js:139:17
🎯 IA EJECUTANDO EFECTO: Duelo con vizcaíno (sabotaje) aiplayer_script.js:170:17
🔍 IA handleAISelection iniciado para Duelo con vizcaíno (tipo: duelo) aiplayer_script.js:192:17
🤖 IA ATACANDO AL MÁS FUERTE: Jugador 2 (Duelo con vizcaíno) aiplayer_script.js:201:25
🎯 IA PROCESANDO SELECCIÓN: Duelo con vizcaíno contra Jugador 2 aiplayer_script.js:252:17
🔍 DEBUG: Antes de discardCurrentCard - currentCardIndex=3, currentCard=null aiplayer_script.js:285:21
🔍 DEBUG: discardCurrentCard - currentCardIndex=3, hand.length=4 aiplayer_script.js:860:17
[DEBUG] discardCurrentCard IA: Jugador 4, Índice: 3, Carta: "Duelo con vizcaíno", Mano antes: 4 cartas aiplayer_script.js:872:21
[DEBUG] discardCurrentCard IA: "Duelo con vizcaíno" añadida al descarte. Mano después: 3 cartas, Descarte: 2 cartas aiplayer_script.js:877:21
🔍 DEBUG: Estado después de procesar Duelo con vizcaíno: hasDrawn=true, hasPlayed=true, aiSelectionHandled=false aiplayer_script.js:292:21
🔍 Jugador 1, gameMode: ai, playerCount: 4, isAI: false script_modular.js:346:17
🔍 Jugador 2, gameMode: ai, playerCount: 4, isAI: true script_modular.js:346:17
🔍 Jugador 3, gameMode: ai, playerCount: 4, isAI: true script_modular.js:346:17
🔍 Jugador 4, gameMode: ai, playerCount: 4, isAI: true script_modular.js:346:17
🤖 IA: Turno completado, listo para finalizar aiplayer_script.js:299:25
🤖 IA: Turno completado, listo para finalizar aiplayer_script.js:217:25
🔍 DEBUG: Condiciones para terminar turno: hasDrawn=true, librosMode=false, hasPlayed=true, aiSelectionHandled=false, isAI=true aiplayer_script.js:51:17
🤖 IA terminando turno... aiplayer_script.js:54:21
🔍 Jugador 1, gameMode: ai, playerCount: 4, isAI: false 4 script_modular.js:346:17
🔍 Jugador 2, gameMode: ai, playerCount: 4, isAI: true script_modular.js:346:17
🔍 Jugador 3, gameMode: ai, playerCount: 4, isAI: true script_modular.js:346:17
🔍 Jugador 4, gameMode: ai, playerCount: 4, isAI: true script_modular.js:346:17
🔍 Jugador 1, gameMode: ai, playerCount: 4, isAI: false script_modular.js:346:17
📊 CONTEO DE CARTAS (Turno Humano): script_modular.js:678:17
  📋 En manos: 12 cartas script_modular.js:679:17
  🛡️ Equipadas: 8 cartas script_modular.js:680:17
  🃏 En mazo: 16 cartas script_modular.js:681:17
  🗑️ En descarte: 2 cartas script_modular.js:682:17
  📈 TOTAL: 38/52 cartas script_modular.js:683:17
🔍 Jugador 1, gameMode: ai, playerCount: 4, isAI: false script_modular.js:346:17
[DEBUG] drawCard: Jugador 1 robando "Bacía de barbero". Mano antes: 3 cartas, mazo: 16 cartas normal_script.js:159:21
[DEBUG] drawCard: Jugador 1 robó "Bacía de barbero". Mano después: 4 cartas, mazo: 15 cartas normal_script.js:165:21
🔍 Jugador 1, gameMode: ai, playerCount: 4, isAI: false 5 script_modular.js:346:17
🔍 Jugador 2, gameMode: ai, playerCount: 4, isAI: true script_modular.js:346:17
🔍 Jugador 3, gameMode: ai, playerCount: 4, isAI: true script_modular.js:346:17
🔍 Jugador 4, gameMode: ai, playerCount: 4, isAI: true script_modular.js:346:17
🔍 Jugador 1, gameMode: ai, playerCount: 4, isAI: false 2 script_modular.js:346:17
🔍 [DEBUG] playCard INICIADO - Índice: 2, Fase: play, hasPlayed: false, librosMode: false human_script.js:19:17
🎯 HUMANO JUGANDO CARTA: Cuchicheos de ventero (evento) - Índice: 2 human_script.js:34:17
🔍 [DEBUG] playCard - Mano antes de jugar: 4 cartas human_script.js:35:17
📤 HUMANO DESCARTANDO CARTA: Cuchicheos de ventero - Índice: 2 human_script.js:49:17
🎯 HUMANO EJECUTANDO EFECTO: Cuchicheos de ventero (evento) human_script.js:127:17
👥 HUMANO MOSTRANDO SELECCIÓN DE JUGADOR: Cuchicheos de ventero - Índice: 2 human_script.js:241:17
👥 HUMANO MOSTRANDO SELECCIÓN DE JUGADOR: Modo de juego: ai human_script.js:242:17
❌ ERROR: Elemento player-select-modal no encontrado en el DOM human_script.js:247:21
❌ ERROR: Creando modal dinámicamente human_script.js:248:21
✅ Modal de selección de jugador creado dinámicamente human_script.js:304:21
[DEBUG] Número de jugadores en la partida:  4 human_script.js:305:21
[DEBUG] Número de botones de jugador en el modal:  3 human_script.js:306:21
🎯 HUMANO HANDLE PLAYER SELECTION: Jugador 3 seleccionado human_script.js:371:17
⚔️ HUMANO Ejecutando sabotaje directo: Cuchicheos de ventero contra Jugador 3 human_script.js:383:21
⚔️ EXECUTE_SABOTAGE_DIRECTLY INICIADO - Cuchicheos de ventero contra Jugador 3 human_script.js:392:17
⚔️ Tipo de carta: cuchicheos human_script.js:393:17
⚔️ Jugador objetivo: 2 human_script.js:394:17
🗣️ CUCHICHEOS: Iniciando intercambio con Jugador 3 human_script.js:431:25
🗣️ CUCHICHEOS: Carta a guardar: 
Object { id: "cuchicheos-0", name: "Cuchicheos de ventero", type: "cuchicheos", category: "evento", target: null }
human_script.js:432:25
🗣️ CUCHICHEOS: this.originalCuchicheosCard antes: null human_script.js:433:25
🗣️ CUCHICHEOS: Carta original guardada: 
Object { id: "cuchicheos-0", name: "Cuchicheos de ventero", type: "cuchicheos", category: "evento", target: null }
human_script.js:436:25
🗣️ CUCHICHEOS: this.originalCuchicheosCard después: 
Object { id: "cuchicheos-0", name: "Cuchicheos de ventero", type: "cuchicheos", category: "evento", target: null }
human_script.js:437:25
🔄 EXCHANGE_CARDS INICIADO - Jugador 1 ↔ Jugador 3 human_script.js:1168:17
🔄 EXCHANGE_CARDS - Estado actual: hasPlayed=false, gameMode=ai human_script.js:1169:17
🔄 EXCHANGE_CARDS - Cartas disponibles del jugador actual: Molino de viento, Bacía de barbero human_script.js:1181:17
🔄 SHOW_EXCHANGE_MODAL INICIADO - Jugador 1 ↔ Jugador 3 human_script.js:1195:17
🔄 SHOW_EXCHANGE_MODAL - Mano del jugador actual: Molino de viento, Cuchicheos de ventero, Cuchicheos de ventero, Bacía de barbero human_script.js:1196:17
🔄 SHOW_EXCHANGE_MODAL - Mano del jugador objetivo: Duelo con vizcaíno, Cuando las barbas veas cortar…, Lanza human_script.js:1197:17
🔄 SHOW_EXCHANGE_MODAL - Carta actual: Cuchicheos de ventero human_script.js:1198:17
🔄 SHOW_EXCHANGE_MODAL - Índice carta actual: 2 human_script.js:1199:17
🔄 SHOW_EXCHANGE_MODAL - this.originalCuchicheosCard: 
Object { id: "cuchicheos-0", name: "Cuchicheos de ventero", type: "cuchicheos", category: "evento", target: null }
human_script.js:1200:17
🔄 SHOW_EXCHANGE_MODAL: Modal creado con display=block, zIndex=9999 human_script.js:1217:17
🔄 SHOW_EXCHANGE_MODAL: Ocultando carta cuchicheos que se está jugando (índice 2) human_script.js:1235:45
🔄 SHOW_EXCHANGE_MODAL: Añadiendo modal al DOM human_script.js:1277:17
🔄 SHOW_EXCHANGE_MODAL: Configurando exchangeData human_script.js:1280:17
🔄 SHOW_EXCHANGE_MODAL: Configurando event listeners human_script.js:1288:17
🔄 SHOW_EXCHANGE_MODAL: Modal de intercambio mostrado human_script.js:1310:17
🗣️ CUCHICHEOS: Descarte y finalización se manejarán en executeExchange human_script.js:469:21
🔄 SHOW_EXCHANGE_MODAL: Modales visibles en DOM: 1 human_script.js:1315:21
✅ SHOW_EXCHANGE_MODAL: Modal visible en el DOM human_script.js:1319:25
🔄 SHOW_EXCHANGE_MODAL: window.game existe: SÍ human_script.js:1323:21
🔄 SHOW_EXCHANGE_MODAL: window.game.acceptExchange existe: SÍ human_script.js:1324:21
🔄 SHOW_EXCHANGE_MODAL: Botón accept-exchange en modal: SÍ human_script.js:1328:21
🔄 SHOW_EXCHANGE_MODAL: Botón onclick: function onclick(event) {
game.acceptExchange()
} human_script.js:1330:25
🔄 SHOW_EXCHANGE_MODAL: Botón display: none human_script.js:1331:25
🔄 HANDLE_EXCHANGE_SELECTION - Índice: 3, Jugador: current human_script.js:1337:17
🔄 HANDLE_EXCHANGE_SELECTION - exchangeData actual: 
Object { targetPlayerId: 2, selectedCurrentCard: null, selectedTargetCard: null, modal: div.modal }
human_script.js:1338:17
🔄 HANDLE_EXCHANGE_SELECTION - Carta seleccionada del jugador actual: Bacía de barbero human_script.js:1345:21
🔄 HANDLE_EXCHANGE_SELECTION - Mano completa del jugador actual: Molino de viento, Cuchicheos de ventero, Cuchicheos de ventero, Bacía de barbero human_script.js:1346:21
🔄 HANDLE_EXCHANGE_SELECTION - Estado después de selección: currentCard=3, targetCard=null human_script.js:1363:17
🔄 HANDLE_EXCHANGE_SELECTION - Ambas cartas seleccionadas: NO human_script.js:1364:17
🔄 HANDLE_EXCHANGE_SELECTION - Índice: 2, Jugador: target human_script.js:1337:17
🔄 HANDLE_EXCHANGE_SELECTION - exchangeData actual: 
Object { targetPlayerId: 2, selectedCurrentCard: 3, selectedTargetCard: null, modal: div.modal }
human_script.js:1338:17
🔄 HANDLE_EXCHANGE_SELECTION - Carta seleccionada del jugador objetivo: Lanza human_script.js:1355:21
🔄 HANDLE_EXCHANGE_SELECTION - Mano completa del jugador objetivo: Duelo con vizcaíno, Cuando las barbas veas cortar…, Lanza human_script.js:1356:21
🔄 HANDLE_EXCHANGE_SELECTION - Estado después de selección: currentCard=3, targetCard=2 human_script.js:1363:17
🔄 HANDLE_EXCHANGE_SELECTION - Ambas cartas seleccionadas: SÍ human_script.js:1364:17
🔄 HANDLE_EXCHANGE_SELECTION - Ambas cartas seleccionadas, mostrando botón aceptar human_script.js:1367:21
🔄 HANDLE_EXCHANGE_SELECTION - Botón aceptar encontrado: SÍ human_script.js:1371:21
🔄 HANDLE_EXCHANGE_SELECTION - Display anterior: none human_script.js:1373:25
🔄 HANDLE_EXCHANGE_SELECTION - Display nuevo: inline-block human_script.js:1375:25
🔍 Jugador 1, gameMode: ai, playerCount: 4, isAI: false script_modular.js:346:17
🔄 EXECUTE_EXCHANGE INICIADO - keepCuchicheos: false, closeModal: true human_script.js:1388:17
🔄 EXECUTE_EXCHANGE - Jugador actual: 1, Jugador objetivo: 3 human_script.js:1398:17
🔄 EXECUTE_EXCHANGE - Índices: currentCard=3, targetCard=2 human_script.js:1399:17
🔄 EXECUTE_EXCHANGE - Cartas a intercambiar: "Bacía de barbero" ↔ "Lanza" human_script.js:1415:17
🔄 EXECUTE_EXCHANGE - Mano del jugador actual antes: Molino de viento, Cuchicheos de ventero, Cuchicheos de ventero, Bacía de barbero human_script.js:1416:17
🔄 EXECUTE_EXCHANGE - Mano del jugador objetivo antes: Duelo con vizcaíno, Cuando las barbas veas cortar…, Lanza human_script.js:1417:17
🔄 EXECUTE_EXCHANGE - Intercambio realizado human_script.js:1423:17
🔄 EXECUTE_EXCHANGE - Mano del jugador actual después: Molino de viento, Cuchicheos de ventero, Cuchicheos de ventero, Lanza human_script.js:1424:17
🔄 EXECUTE_EXCHANGE - Mano del jugador objetivo después: Duelo con vizcaíno, Cuando las barbas veas cortar…, Bacía de barbero human_script.js:1425:17
🗑️ EXECUTE_EXCHANGE - Cuchicheos descartado: Cuchicheos de ventero human_script.js:1433:25
🔄 EXECUTE_EXCHANGE - Configurando estado del juego human_script.js:1441:17
🔄 EXECUTE_EXCHANGE - Estado configurado: hasPlayed=true, gameMode=ai, librosMode=false human_script.js:1447:17
🔄 EXECUTE_EXCHANGE - Actualizando visualización human_script.js:1451:21
🔍 Jugador 1, gameMode: ai, playerCount: 4, isAI: false 4 script_modular.js:346:17
🔍 Jugador 2, gameMode: ai, playerCount: 4, isAI: true script_modular.js:346:17
🔍 Jugador 3, gameMode: ai, playerCount: 4, isAI: true script_modular.js:346:17
🔍 Jugador 4, gameMode: ai, playerCount: 4, isAI: true script_modular.js:346:17
🔄 EXECUTE_EXCHANGE - MODO AI: Finalizando turno automáticamente después de intercambio human_script.js:1457:21
🔄 EXECUTE_EXCHANGE - Limpiando datos de intercambio human_script.js:1477:17
🔄 EXECUTE_EXCHANGE - exchangeData antes de limpiar: 
Object { targetPlayerId: 2, selectedCurrentCard: 3, selectedTargetCard: 2, modal: div.modal }
human_script.js:1478:17
🔄 EXECUTE_EXCHANGE - closeModal: true human_script.js:1479:17
🔄 EXECUTE_EXCHANGE - Llamando a closeExchangeModal(true) human_script.js:1483:21
🔄 CLOSE_EXCHANGE_MODAL: Cerrando modal de intercambio - skipExchangeLogic: true, isCancelling: false human_script.js:1514:17
🔄 CLOSE_EXCHANGE_MODAL: this.exchangeData: 
Object { targetPlayerId: 2, selectedCurrentCard: 3, selectedTargetCard: 2, modal: div.modal }
human_script.js:1515:17
🔄 CLOSE_EXCHANGE_MODAL: this.exchangeData?.modal: 
<div class="modal" style="display: block; z-index: 9999;">
human_script.js:1516:17
🔄 CLOSE_EXCHANGE_MODAL: Modal encontrado en exchangeData human_script.js:1523:21
🔄 CLOSE_EXCHANGE_MODAL: Modales en DOM antes de remover: 1 human_script.js:1536:17
🔄 CLOSE_EXCHANGE_MODAL: Removiendo modal del DOM: 
<div class="modal" style="display: block; z-index: 9999;">
human_script.js:1540:21
🔄 CLOSE_EXCHANGE_MODAL: Modal removido del DOM exitosamente human_script.js:1542:21
🔄 CLOSE_EXCHANGE_MODAL: Modales en DOM después de remover: 0 human_script.js:1551:17
🔄 CLOSE_EXCHANGE_MODAL: Verificando condiciones para intercambio: human_script.js:1570:17
🔄 CLOSE_EXCHANGE_MODAL: - skipExchangeLogic: true human_script.js:1571:17
🔄 CLOSE_EXCHANGE_MODAL: - isCancelling: false human_script.js:1572:17
🔄 CLOSE_EXCHANGE_MODAL: - this.exchangeData existe: SÍ human_script.js:1573:17
🔄 CLOSE_EXCHANGE_MODAL: - selectedCurrentCard: 3 human_script.js:1575:21
🔄 CLOSE_EXCHANGE_MODAL: - selectedTargetCard: 2 human_script.js:1576:21
🔄 CLOSE_EXCHANGE_MODAL: - Ambas cartas seleccionadas: SÍ human_script.js:1577:21
🔄 CLOSE_EXCHANGE_MODAL: exchangeData limpiado human_script.js:1637:17
🔄 CLOSE_EXCHANGE_MODAL: Modal cerrado - FUNCIÓN COMPLETADA human_script.js:1638:17
🔄 EXECUTE_EXCHANGE: Limpiando datos de intercambio human_script.js:1488:17
🔄 EXECUTE_EXCHANGE: this.originalCuchicheosCard antes de limpiar: 
Object { id: "cuchicheos-0", name: "Cuchicheos de ventero", type: "cuchicheos", category: "evento", target: null }
human_script.js:1489:17
🔄 EXECUTE_EXCHANGE - exchangeData después de limpiar: null human_script.js:1492:17
🔄 EXECUTE_EXCHANGE: this.originalCuchicheosCard después de limpiar: null human_script.js:1493:17
🔄 EXECUTE_EXCHANGE - COMPLETADO human_script.js:1510:17
🔍 Jugador 1, gameMode: ai, playerCount: 4, isAI: false 5 script_modular.js:346:17
🔍 Jugador 2, gameMode: ai, playerCount: 4, isAI: true script_modular.js:346:17
🔍 Jugador 3, gameMode: ai, playerCount: 4, isAI: true script_modular.js:346:17
🔍 Jugador 4, gameMode: ai, playerCount: 4, isAI: true script_modular.js:346:17
🔄 EXECUTE_EXCHANGE - Verificación final: Modales restantes: 0 human_script.js:1498:21
🔄 EXECUTE_EXCHANGE - Ejecutando endTurn() desde intercambio human_script.js:1459:25
🔍 Jugador 1, gameMode: ai, playerCount: 4, isAI: false script_modular.js:346:17
🔍 Jugador 2, gameMode: ai, playerCount: 4, isAI: true script_modular.js:346:17
🔍 Jugador 3, gameMode: ai, playerCount: 4, isAI: true script_modular.js:346:17
🔍 Jugador 4, gameMode: ai, playerCount: 4, isAI: true script_modular.js:346:17
🔍 Jugador 2, gameMode: ai, playerCount: 4, isAI: true 2 script_modular.js:346:17
🤖 El siguiente jugador es IA, ejecutando turno automáticamente script_modular.js:234:25
🤖 Turno de IA: Jugador 2 aiplayer_script.js:21:17
📊 CONTEO DE CARTAS (Turno IA): aiplayer_script.js:918:17
  📋 En manos: 12 cartas aiplayer_script.js:919:17
  🛡️ Equipadas: 8 cartas aiplayer_script.js:920:17
  🃏 En mazo: 15 cartas aiplayer_script.js:921:17
  🗑️ En descarte: 3 cartas aiplayer_script.js:922:17
  📈 TOTAL: 38/52 cartas aiplayer_script.js:923:17
🤖 IA robando carta... aiplayer_script.js:32:21
[DEBUG] drawCard: Jugador 2 robando "Yelmo". Mano antes: 3 cartas, mazo: 15 cartas normal_script.js:159:21
[DEBUG] drawCard: Jugador 2 robó "Yelmo". Mano después: 4 cartas, mazo: 14 cartas normal_script.js:165:21
🤖 IA jugando carta... aiplayer_script.js:39:21
🔍 IA evaluando estratégicamente las cartas... aiplayer_script.js:70:17
🤖 IA: De tal palo, tal astilla = valor 60 aiplayer_script.js:79:21
🤖 IA: Rocín = valor 10 aiplayer_script.js:79:21
🤖 IA: Oferta de ínsula = valor 60 aiplayer_script.js:79:21
🤖 IA: Yelmo = valor 10 aiplayer_script.js:79:21
🤖 IA seleccionó estratégicamente: De tal palo, tal astilla (valor: 60) aiplayer_script.js:87:17
🤖 IA JUGANDO CARTA: De tal palo, tal astilla (doble-accion) - Índice: 0 aiplayer_script.js:101:17
⚙️ IA OPCIONES DE JUEGO: De tal palo, tal astilla (doble-accion) - Índice: 0 aiplayer_script.js:139:17
🔄 IA manejando carta de doble-acción: De tal palo, tal astilla aiplayer_script.js:383:17
🤖 IA robando estratégicamente del más fuerte: Jugador 3 aiplayer_script.js:408:21
🔄 IA INICIANDO ROBO: escudero del Jugador 3 aiplayer_script.js:450:17
❌ IA NO HAY EQUIPAMIENTO PARA ROBAR: escudero del Jugador 3 aiplayer_script.js:503:21
🔍 DEBUG: discardCurrentCard - currentCardIndex=0, hand.length=4 aiplayer_script.js:860:17
[DEBUG] discardCurrentCard IA: Jugador 2, Índice: 0, Carta: "De tal palo, tal astilla", Mano antes: 4 cartas aiplayer_script.js:872:21
[DEBUG] discardCurrentCard IA: "De tal palo, tal astilla" añadida al descarte. Mano después: 3 cartas, Descarte: 4 cartas aiplayer_script.js:877:21
🔍 Jugador 1, gameMode: ai, playerCount: 4, isAI: false script_modular.js:346:17
🔍 Jugador 2, gameMode: ai, playerCount: 4, isAI: true script_modular.js:346:17
🔍 Jugador 3, gameMode: ai, playerCount: 4, isAI: true script_modular.js:346:17
🔍 Jugador 4, gameMode: ai, playerCount: 4, isAI: true script_modular.js:346:17
🤖 IA: Turno completado, listo para finalizar aiplayer_script.js:515:25
🔍 DEBUG: Condiciones para terminar turno: hasDrawn=true, librosMode=false, hasPlayed=true, aiSelectionHandled=false, isAI=true aiplayer_script.js:51:17
🤖 IA terminando turno... aiplayer_script.js:54:21
🌪️ Molino activo para jugador 3, turnos restantes: 1 normal_script.js:201:21
🌪️ Molino terminado normal_script.js:204:25
🔍 Jugador 1, gameMode: ai, playerCount: 4, isAI: false script_modular.js:346:17
🔍 Jugador 2, gameMode: ai, playerCount: 4, isAI: true script_modular.js:346:17
🔍 Jugador 3, gameMode: ai, playerCount: 4, isAI: true script_modular.js:346:17
🔍 Jugador 4, gameMode: ai, playerCount: 4, isAI: true script_modular.js:346:17
🔍 Jugador 3, gameMode: ai, playerCount: 4, isAI: true 2 script_modular.js:346:17
🤖 El siguiente jugador es IA, ejecutando turno automáticamente script_modular.js:234:25
🤖 Turno de IA: Jugador 3 aiplayer_script.js:21:17
📊 CONTEO DE CARTAS (Turno IA): aiplayer_script.js:918:17
  📋 En manos: 12 cartas aiplayer_script.js:919:17
  🛡️ Equipadas: 8 cartas aiplayer_script.js:920:17
  🃏 En mazo: 14 cartas aiplayer_script.js:921:17
  🗑️ En descarte: 4 cartas aiplayer_script.js:922:17
  📈 TOTAL: 38/52 cartas aiplayer_script.js:923:17
🤖 IA robando carta... aiplayer_script.js:32:21
[DEBUG] drawCard: Jugador 3 robando "Yelmo". Mano antes: 3 cartas, mazo: 14 cartas normal_script.js:159:21
[DEBUG] drawCard: Jugador 3 robó "Yelmo". Mano después: 4 cartas, mazo: 13 cartas normal_script.js:165:21
🤖 IA jugando carta... aiplayer_script.js:39:21
🔍 IA evaluando estratégicamente las cartas... aiplayer_script.js:70:17
🤖 IA: Duelo con vizcaíno = valor 80 aiplayer_script.js:79:21
🤖 IA: Cuando las barbas veas cortar… = valor 60 aiplayer_script.js:79:21
🤖 IA: Bacía de barbero = valor 80 aiplayer_script.js:79:21
🤖 IA: Yelmo = valor 10 aiplayer_script.js:79:21
🤖 IA seleccionó estratégicamente: Duelo con vizcaíno (valor: 80) aiplayer_script.js:87:17
🤖 IA JUGANDO CARTA: Duelo con vizcaíno (sabotaje) - Índice: 0 aiplayer_script.js:101:17
⚙️ IA OPCIONES DE JUEGO: Duelo con vizcaíno (sabotaje) - Índice: 0 aiplayer_script.js:139:17
🎯 IA EJECUTANDO EFECTO: Duelo con vizcaíno (sabotaje) aiplayer_script.js:170:17
🔍 IA handleAISelection iniciado para Duelo con vizcaíno (tipo: duelo) aiplayer_script.js:192:17
🤖 IA ATACANDO AL MÁS FUERTE: Jugador 2 (Duelo con vizcaíno) aiplayer_script.js:201:25
🎯 IA PROCESANDO SELECCIÓN: Duelo con vizcaíno contra Jugador 2 aiplayer_script.js:252:17
🔍 DEBUG: Antes de discardCurrentCard - currentCardIndex=0, currentCard=null aiplayer_script.js:285:21
🔍 DEBUG: discardCurrentCard - currentCardIndex=0, hand.length=4 aiplayer_script.js:860:17
[DEBUG] discardCurrentCard IA: Jugador 3, Índice: 0, Carta: "Duelo con vizcaíno", Mano antes: 4 cartas aiplayer_script.js:872:21
[DEBUG] discardCurrentCard IA: "Duelo con vizcaíno" añadida al descarte. Mano después: 3 cartas, Descarte: 5 cartas aiplayer_script.js:877:21
🔍 DEBUG: Estado después de procesar Duelo con vizcaíno: hasDrawn=true, hasPlayed=true, aiSelectionHandled=false aiplayer_script.js:292:21
🔍 Jugador 1, gameMode: ai, playerCount: 4, isAI: false script_modular.js:346:17
🔍 Jugador 2, gameMode: ai, playerCount: 4, isAI: true script_modular.js:346:17
🔍 Jugador 3, gameMode: ai, playerCount: 4, isAI: true script_modular.js:346:17
🔍 Jugador 4, gameMode: ai, playerCount: 4, isAI: true script_modular.js:346:17
🤖 IA: Turno completado, listo para finalizar aiplayer_script.js:299:25
🤖 IA: Turno completado, listo para finalizar aiplayer_script.js:217:25
🔍 DEBUG: Condiciones para terminar turno: hasDrawn=true, librosMode=false, hasPlayed=true, aiSelectionHandled=false, isAI=true aiplayer_script.js:51:17
🤖 IA terminando turno... aiplayer_script.js:54:21
🔍 Jugador 1, gameMode: ai, playerCount: 4, isAI: false script_modular.js:346:17
🔍 Jugador 2, gameMode: ai, playerCount: 4, isAI: true script_modular.js:346:17
🔍 Jugador 3, gameMode: ai, playerCount: 4, isAI: true script_modular.js:346:17
🔍 Jugador 4, gameMode: ai, playerCount: 4, isAI: true 3 script_modular.js:346:17
🤖 El siguiente jugador es IA, ejecutando turno automáticamente script_modular.js:234:25
🤖 Turno de IA: Jugador 4 aiplayer_script.js:21:17
📊 CONTEO DE CARTAS (Turno IA): aiplayer_script.js:918:17
  📋 En manos: 12 cartas aiplayer_script.js:919:17
  🛡️ Equipadas: 8 cartas aiplayer_script.js:920:17
  🃏 En mazo: 13 cartas aiplayer_script.js:921:17
  🗑️ En descarte: 5 cartas aiplayer_script.js:922:17
  📈 TOTAL: 38/52 cartas aiplayer_script.js:923:17
🤖 IA robando carta... aiplayer_script.js:32:21
[DEBUG] drawCard: Jugador 4 robando "Flaqueza y mala traza". Mano antes: 3 cartas, mazo: 13 cartas normal_script.js:159:21
[DEBUG] drawCard: Jugador 4 robó "Flaqueza y mala traza". Mano después: 4 cartas, mazo: 12 cartas normal_script.js:165:21
🤖 IA jugando carta... aiplayer_script.js:39:21
🔍 IA evaluando estratégicamente las cartas... aiplayer_script.js:70:17
🤖 IA: A caballo regalado… = valor 60 aiplayer_script.js:79:21
🤖 IA: Princesa Micomicona = valor 70 2 aiplayer_script.js:79:21
🤖 IA: Flaqueza y mala traza = valor 80 aiplayer_script.js:79:21
🤖 IA seleccionó estratégicamente: Flaqueza y mala traza (valor: 80) aiplayer_script.js:87:17
🤖 IA JUGANDO CARTA: Flaqueza y mala traza (sabotaje) - Índice: 3 aiplayer_script.js:101:17
⚙️ IA OPCIONES DE JUEGO: Flaqueza y mala traza (sabotaje) - Índice: 3 aiplayer_script.js:139:17
🎯 IA EJECUTANDO EFECTO: Flaqueza y mala traza (sabotaje) aiplayer_script.js:170:17
🔍 IA handleAISelection iniciado para Flaqueza y mala traza (tipo: flaqueza) aiplayer_script.js:192:17
🤖 IA ATACANDO AL MÁS FUERTE: Jugador 2 (Flaqueza y mala traza) aiplayer_script.js:201:25
🎯 IA PROCESANDO SELECCIÓN: Flaqueza y mala traza contra Jugador 2 aiplayer_script.js:252:17
[DEBUG] removeEquipment: Quitando rocin de Jugador 2. Equipamiento antes: {"id":"rocin-0","name":"Rocín","type":"rocin","category":"complemento","target":null} normal_script.js:264:17
🗑️ Equipamiento removido: Rocín del Jugador 2 normal_script.js:269:17
[DEBUG] removeEquipment: Rocín añadido al descarte. Descarte: 6 cartas normal_script.js:270:17
🔍 DEBUG: Antes de discardCurrentCard - currentCardIndex=3, currentCard=null aiplayer_script.js:285:21
🔍 DEBUG: discardCurrentCard - currentCardIndex=3, hand.length=4 aiplayer_script.js:860:17
[DEBUG] discardCurrentCard IA: Jugador 4, Índice: 3, Carta: "Flaqueza y mala traza", Mano antes: 4 cartas aiplayer_script.js:872:21
[DEBUG] discardCurrentCard IA: "Flaqueza y mala traza" añadida al descarte. Mano después: 3 cartas, Descarte: 7 cartas aiplayer_script.js:877:21
🔍 DEBUG: Estado después de procesar Flaqueza y mala traza: hasDrawn=true, hasPlayed=true, aiSelectionHandled=false aiplayer_script.js:292:21
🔍 Jugador 1, gameMode: ai, playerCount: 4, isAI: false script_modular.js:346:17
🔍 Jugador 2, gameMode: ai, playerCount: 4, isAI: true script_modular.js:346:17
🔍 Jugador 3, gameMode: ai, playerCount: 4, isAI: true script_modular.js:346:17
🔍 Jugador 4, gameMode: ai, playerCount: 4, isAI: true script_modular.js:346:17
🤖 IA: Turno completado, listo para finalizar aiplayer_script.js:299:25
🤖 IA: Turno completado, listo para finalizar aiplayer_script.js:217:25
🔍 DEBUG: Condiciones para terminar turno: hasDrawn=true, librosMode=false, hasPlayed=true, aiSelectionHandled=false, isAI=true aiplayer_script.js:51:17
🤖 IA terminando turno... aiplayer_script.js:54:21
🔍 Jugador 1, gameMode: ai, playerCount: 4, isAI: false 4 script_modular.js:346:17
🔍 Jugador 2, gameMode: ai, playerCount: 4, isAI: true script_modular.js:346:17
🔍 Jugador 3, gameMode: ai, playerCount: 4, isAI: true script_modular.js:346:17
🔍 Jugador 4, gameMode: ai, playerCount: 4, isAI: true script_modular.js:346:17
🔍 Jugador 1, gameMode: ai, playerCount: 4, isAI: false script_modular.js:346:17
📊 CONTEO DE CARTAS (Turno Humano): script_modular.js:678:17
  📋 En manos: 12 cartas script_modular.js:679:17
  🛡️ Equipadas: 7 cartas script_modular.js:680:17
  🃏 En mazo: 12 cartas script_modular.js:681:17
  🗑️ En descarte: 7 cartas script_modular.js:682:17
  📈 TOTAL: 38/52 cartas script_modular.js:683:17
🔍 Jugador 1, gameMode: ai, playerCount: 4, isAI: false script_modular.js:346:17
[DEBUG] drawCard: Jugador 1 robando "Rocín". Mano antes: 3 cartas, mazo: 12 cartas normal_script.js:159:21
[DEBUG] drawCard: Jugador 1 robó "Rocín". Mano después: 4 cartas, mazo: 11 cartas normal_script.js:165:21
🔍 Jugador 1, gameMode: ai, playerCount: 4, isAI: false 5 script_modular.js:346:17
🔍 Jugador 2, gameMode: ai, playerCount: 4, isAI: true script_modular.js:346:17
🔍 Jugador 3, gameMode: ai, playerCount: 4, isAI: true script_modular.js:346:17
🔍 Jugador 4, gameMode: ai, playerCount: 4, isAI: true script_modular.js:346:17
🔍 Jugador 1, gameMode: ai, playerCount: 4, isAI: false script_modular.js:346:17
🔍 Jugador 1, gameMode: ai, playerCount: 4, isAI: false script_modular.js:346:17
🔍 [DEBUG] playCard INICIADO - Índice: 2, Fase: play, hasPlayed: false, librosMode: false human_script.js:19:17
🎯 HUMANO JUGANDO CARTA: Lanza (complemento) - Índice: 2 human_script.js:34:17
🔍 [DEBUG] playCard - Mano antes de jugar: 4 cartas human_script.js:35:17
⚙️ HUMANO OPCIONES DE JUEGO: Lanza (complemento) - Índice: 2 human_script.js:92:17
🔍 [DEBUG] showPlayOptions - Carta: Lanza, Categoría: complemento, Tipo: lanza human_script.js:93:17
🔧 [DEBUG] showPlayOptions - Ejecutando addEquipment para complemento human_script.js:96:21
[DEBUG] addEquipment HUMANO: Equipando "Lanza" como lanza. Mano antes: 4 cartas human_script.js:173:21
[DEBUG] addEquipment HUMANO: "Lanza" removida de la mano. Mano después: 3 cartas human_script.js:176:21
✅ CARTA EQUIPADA: Lanza removida de la mano human_script.js:179:25
🔧 HUMANO equipó: Lanza human_script.js:193:21
🔍 Jugador 1, gameMode: ai, playerCount: 4, isAI: false 4 script_modular.js:346:17
🔍 Jugador 2, gameMode: ai, playerCount: 4, isAI: true script_modular.js:346:17
🔍 Jugador 3, gameMode: ai, playerCount: 4, isAI: true script_modular.js:346:17
🔍 Jugador 4, gameMode: ai, playerCount: 4, isAI: true script_modular.js:346:17
🔄 MODO AI: Finalizando turno automáticamente después de equipar human_script.js:214:21
🔍 Jugador 1, gameMode: ai, playerCount: 4, isAI: false script_modular.js:346:17
🔍 Jugador 2, gameMode: ai, playerCount: 4, isAI: true script_modular.js:346:17
🔍 Jugador 3, gameMode: ai, playerCount: 4, isAI: true script_modular.js:346:17
🔍 Jugador 4, gameMode: ai, playerCount: 4, isAI: true script_modular.js:346:17
🔍 Jugador 2, gameMode: ai, playerCount: 4, isAI: true 2 script_modular.js:346:17
🤖 El siguiente jugador es IA, ejecutando turno automáticamente script_modular.js:234:25
🤖 Turno de IA: Jugador 2 aiplayer_script.js:21:17
📊 CONTEO DE CARTAS (Turno IA): aiplayer_script.js:918:17
  📋 En manos: 12 cartas aiplayer_script.js:919:17
  🛡️ Equipadas: 8 cartas aiplayer_script.js:920:17
  🃏 En mazo: 11 cartas aiplayer_script.js:921:17
  🗑️ En descarte: 7 cartas aiplayer_script.js:922:17
  📈 TOTAL: 38/52 cartas aiplayer_script.js:923:17
🤖 IA robando carta... aiplayer_script.js:32:21
[DEBUG] drawCard: Jugador 2 robando "Pies a tierra". Mano antes: 3 cartas, mazo: 11 cartas normal_script.js:159:21
[DEBUG] drawCard: Jugador 2 robó "Pies a tierra". Mano después: 4 cartas, mazo: 10 cartas normal_script.js:165:21
🤖 IA jugando carta... aiplayer_script.js:39:21
🔍 IA evaluando estratégicamente las cartas... aiplayer_script.js:70:17
🤖 IA: Rocín = valor 100 aiplayer_script.js:79:21
🤖 IA: Oferta de ínsula = valor 60 aiplayer_script.js:79:21
🤖 IA: Yelmo = valor 10 aiplayer_script.js:79:21
🤖 IA: Pies a tierra = valor 80 aiplayer_script.js:79:21
🤖 IA seleccionó estratégicamente: Rocín (valor: 100) aiplayer_script.js:87:17
🤖 IA JUGANDO CARTA: Rocín (complemento) - Índice: 0 aiplayer_script.js:101:17
⚙️ IA OPCIONES DE JUEGO: Rocín (complemento) - Índice: 0 aiplayer_script.js:139:17
[DEBUG] addEquipment IA: Equipando "Rocín" como rocin. Mano antes: 4 cartas aiplayer_script.js:316:21
[DEBUG] addEquipment IA: "Rocín" removida de la mano. Mano después: 3 cartas aiplayer_script.js:319:21
✅ CARTA EQUIPADA: Rocín removida de la mano aiplayer_script.js:320:21
🔧 IA equipó: Rocín aiplayer_script.js:328:21
🔍 Jugador 1, gameMode: ai, playerCount: 4, isAI: false script_modular.js:346:17
🔍 Jugador 2, gameMode: ai, playerCount: 4, isAI: true script_modular.js:346:17
🔍 Jugador 3, gameMode: ai, playerCount: 4, isAI: true script_modular.js:346:17
🔍 Jugador 4, gameMode: ai, playerCount: 4, isAI: true script_modular.js:346:17
🤖 IA: Turno completado, listo para finalizar aiplayer_script.js:348:21
🔍 DEBUG: Condiciones para terminar turno: hasDrawn=true, librosMode=false, hasPlayed=true, aiSelectionHandled=false, isAI=true aiplayer_script.js:51:17
🤖 IA terminando turno... aiplayer_script.js:54:21
🔍 Jugador 1, gameMode: ai, playerCount: 4, isAI: false script_modular.js:346:17
🔍 Jugador 2, gameMode: ai, playerCount: 4, isAI: true script_modular.js:346:17
🔍 Jugador 3, gameMode: ai, playerCount: 4, isAI: true script_modular.js:346:17
🔍 Jugador 4, gameMode: ai, playerCount: 4, isAI: true script_modular.js:346:17
🔍 Jugador 3, gameMode: ai, playerCount: 4, isAI: true 2 script_modular.js:346:17
🤖 El siguiente jugador es IA, ejecutando turno automáticamente script_modular.js:234:25
🤖 Turno de IA: Jugador 3 aiplayer_script.js:21:17
📊 CONTEO DE CARTAS (Turno IA): aiplayer_script.js:918:17
  📋 En manos: 12 cartas aiplayer_script.js:919:17
  🛡️ Equipadas: 9 cartas aiplayer_script.js:920:17
  🃏 En mazo: 10 cartas aiplayer_script.js:921:17
  🗑️ En descarte: 7 cartas aiplayer_script.js:922:17
  📈 TOTAL: 38/52 cartas aiplayer_script.js:923:17
🤖 IA robando carta... aiplayer_script.js:32:21
[DEBUG] drawCard: Jugador 3 robando "Escudero". Mano antes: 3 cartas, mazo: 10 cartas normal_script.js:159:21
[DEBUG] drawCard: Jugador 3 robó "Escudero". Mano después: 4 cartas, mazo: 9 cartas normal_script.js:165:21
🤖 IA jugando carta... aiplayer_script.js:39:21
🔍 IA evaluando estratégicamente las cartas... aiplayer_script.js:70:17
🤖 IA: Cuando las barbas veas cortar… = valor 60 aiplayer_script.js:79:21
🤖 IA: Bacía de barbero = valor 80 aiplayer_script.js:79:21
🤖 IA: Yelmo = valor 10 aiplayer_script.js:79:21
🤖 IA: Escudero = valor 100 aiplayer_script.js:79:21
🤖 IA seleccionó estratégicamente: Escudero (valor: 100) aiplayer_script.js:87:17
🤖 IA JUGANDO CARTA: Escudero (complemento) - Índice: 3 aiplayer_script.js:101:17
⚙️ IA OPCIONES DE JUEGO: Escudero (complemento) - Índice: 3 aiplayer_script.js:139:17
[DEBUG] addEquipment IA: Equipando "Escudero" como escudero. Mano antes: 4 cartas aiplayer_script.js:316:21
[DEBUG] addEquipment IA: "Escudero" removida de la mano. Mano después: 3 cartas aiplayer_script.js:319:21
✅ CARTA EQUIPADA: Escudero removida de la mano aiplayer_script.js:320:21
🔧 IA equipó: Escudero aiplayer_script.js:328:21
🔍 Jugador 1, gameMode: ai, playerCount: 4, isAI: false script_modular.js:346:17
🔍 Jugador 2, gameMode: ai, playerCount: 4, isAI: true script_modular.js:346:17
🔍 Jugador 3, gameMode: ai, playerCount: 4, isAI: true script_modular.js:346:17
🔍 Jugador 4, gameMode: ai, playerCount: 4, isAI: true script_modular.js:346:17
🤖 IA: Turno completado, listo para finalizar aiplayer_script.js:348:21
🔍 DEBUG: Condiciones para terminar turno: hasDrawn=true, librosMode=false, hasPlayed=true, aiSelectionHandled=false, isAI=true aiplayer_script.js:51:17
🤖 IA terminando turno... aiplayer_script.js:54:21
🔍 Jugador 1, gameMode: ai, playerCount: 4, isAI: false script_modular.js:346:17
🔍 Jugador 2, gameMode: ai, playerCount: 4, isAI: true script_modular.js:346:17
🔍 Jugador 3, gameMode: ai, playerCount: 4, isAI: true script_modular.js:346:17
🔍 Jugador 4, gameMode: ai, playerCount: 4, isAI: true 3 script_modular.js:346:17
🤖 El siguiente jugador es IA, ejecutando turno automáticamente script_modular.js:234:25
🤖 Turno de IA: Jugador 4 aiplayer_script.js:21:17
📊 CONTEO DE CARTAS (Turno IA): aiplayer_script.js:918:17
  📋 En manos: 12 cartas aiplayer_script.js:919:17
  🛡️ Equipadas: 10 cartas aiplayer_script.js:920:17
  🃏 En mazo: 9 cartas aiplayer_script.js:921:17
  🗑️ En descarte: 7 cartas aiplayer_script.js:922:17
  📈 TOTAL: 38/52 cartas aiplayer_script.js:923:17
🤖 IA robando carta... aiplayer_script.js:32:21
[DEBUG] drawCard: Jugador 4 robando "Bálsamo de Fierabrás". Mano antes: 3 cartas, mazo: 9 cartas normal_script.js:159:21
[DEBUG] drawCard: Jugador 4 robó "Bálsamo de Fierabrás". Mano después: 4 cartas, mazo: 8 cartas normal_script.js:165:21
🤖 IA jugando carta... aiplayer_script.js:39:21
🔍 IA evaluando estratégicamente las cartas... aiplayer_script.js:70:17
🤖 IA: A caballo regalado… = valor 60 aiplayer_script.js:79:21
🤖 IA: Princesa Micomicona = valor 70 2 aiplayer_script.js:79:21
🤖 IA: Bálsamo de Fierabrás = valor 80 aiplayer_script.js:79:21
🤖 IA seleccionó estratégicamente: Bálsamo de Fierabrás (valor: 80) aiplayer_script.js:87:17
🤖 IA JUGANDO CARTA: Bálsamo de Fierabrás (proteccion) - Índice: 3 aiplayer_script.js:101:17
⚙️ IA OPCIONES DE JUEGO: Bálsamo de Fierabrás (proteccion) - Índice: 3 aiplayer_script.js:139:17
🛡️ IA usando Bálsamo de Fierabrás aiplayer_script.js:423:17
🤖 IA protegiendo estratégicamente: rocin aiplayer_script.js:442:17
[DEBUG] applyProtection IA: Protección aplicada: Bálsamo de Fierabrás sobre rocin. Mano antes: 4 cartas, Mano después: 3 cartas aiplayer_script.js:357:25
🛡️ CARTA DE PROTECCIÓN EQUIPADA: Bálsamo de Fierabrás sobre Rocín aiplayer_script.js:361:25
🛡️ IA protegió su Rocín aiplayer_script.js:364:21
🔍 Jugador 1, gameMode: ai, playerCount: 4, isAI: false script_modular.js:346:17
🔍 Jugador 2, gameMode: ai, playerCount: 4, isAI: true script_modular.js:346:17
🔍 Jugador 3, gameMode: ai, playerCount: 4, isAI: true script_modular.js:346:17
🔍 Jugador 4, gameMode: ai, playerCount: 4, isAI: true script_modular.js:346:17
🤖 IA: Turno completado, listo para finalizar aiplayer_script.js:376:25
🔍 DEBUG: Condiciones para terminar turno: hasDrawn=true, librosMode=false, hasPlayed=true, aiSelectionHandled=false, isAI=true aiplayer_script.js:51:17
🤖 IA terminando turno... aiplayer_script.js:54:21
🔍 Jugador 1, gameMode: ai, playerCount: 4, isAI: false 4 script_modular.js:346:17
🔍 Jugador 2, gameMode: ai, playerCount: 4, isAI: true script_modular.js:346:17
🔍 Jugador 3, gameMode: ai, playerCount: 4, isAI: true script_modular.js:346:17
🔍 Jugador 4, gameMode: ai, playerCount: 4, isAI: true script_modular.js:346:17
🔍 Jugador 1, gameMode: ai, playerCount: 4, isAI: false script_modular.js:346:17
📊 CONTEO DE CARTAS (Turno Humano): script_modular.js:678:17
  📋 En manos: 12 cartas script_modular.js:679:17
  🛡️ Equipadas: 11 cartas script_modular.js:680:17
  🃏 En mazo: 8 cartas script_modular.js:681:17
  🗑️ En descarte: 7 cartas script_modular.js:682:17
  📈 TOTAL: 38/52 cartas script_modular.js:683:17
🔍 Jugador 1, gameMode: ai, playerCount: 4, isAI: false script_modular.js:346:17
[DEBUG] drawCard: Jugador 1 robando "Flaqueza y mala traza". Mano antes: 3 cartas, mazo: 8 cartas normal_script.js:159:21
[DEBUG] drawCard: Jugador 1 robó "Flaqueza y mala traza". Mano después: 4 cartas, mazo: 7 cartas normal_script.js:165:21
🔍 Jugador 1, gameMode: ai, playerCount: 4, isAI: false 5 script_modular.js:346:17
🔍 Jugador 2, gameMode: ai, playerCount: 4, isAI: true script_modular.js:346:17
🔍 Jugador 3, gameMode: ai, playerCount: 4, isAI: true script_modular.js:346:17
🔍 Jugador 4, gameMode: ai, playerCount: 4, isAI: true script_modular.js:346:17
🔍 Jugador 1, gameMode: ai, playerCount: 4, isAI: false 2 script_modular.js:346:17
🔍 [DEBUG] playCard INICIADO - Índice: 2, Fase: play, hasPlayed: false, librosMode: false human_script.js:19:17
🎯 HUMANO JUGANDO CARTA: Rocín (complemento) - Índice: 2 human_script.js:34:17
🔍 [DEBUG] playCard - Mano antes de jugar: 4 cartas human_script.js:35:17
⚙️ HUMANO OPCIONES DE JUEGO: Rocín (complemento) - Índice: 2 human_script.js:92:17
🔍 [DEBUG] showPlayOptions - Carta: Rocín, Categoría: complemento, Tipo: rocin human_script.js:93:17
🔧 [DEBUG] showPlayOptions - Ejecutando addEquipment para complemento human_script.js:96:21
[DEBUG] addEquipment HUMANO: Equipando "Rocín" como rocin. Mano antes: 4 cartas human_script.js:173:21
[DEBUG] addEquipment HUMANO: "Rocín" removida de la mano. Mano después: 3 cartas human_script.js:176:21
✅ CARTA EQUIPADA: Rocín removida de la mano human_script.js:179:25
🔧 HUMANO equipó: Rocín human_script.js:193:21
🔍 Jugador 1, gameMode: ai, playerCount: 4, isAI: false 4 script_modular.js:346:17
🔍 Jugador 2, gameMode: ai, playerCount: 4, isAI: true script_modular.js:346:17
🔍 Jugador 3, gameMode: ai, playerCount: 4, isAI: true script_modular.js:346:17
🔍 Jugador 4, gameMode: ai, playerCount: 4, isAI: true script_modular.js:346:17
🔄 MODO AI: Finalizando turno automáticamente después de equipar human_script.js:214:21
🔍 Jugador 1, gameMode: ai, playerCount: 4, isAI: false script_modular.js:346:17
🔍 Jugador 2, gameMode: ai, playerCount: 4, isAI: true script_modular.js:346:17
🔍 Jugador 3, gameMode: ai, playerCount: 4, isAI: true script_modular.js:346:17
🔍 Jugador 4, gameMode: ai, playerCount: 4, isAI: true script_modular.js:346:17
🔍 Jugador 2, gameMode: ai, playerCount: 4, isAI: true 2 script_modular.js:346:17
🤖 El siguiente jugador es IA, ejecutando turno automáticamente script_modular.js:234:25
🤖 Turno de IA: Jugador 2 aiplayer_script.js:21:17
📊 CONTEO DE CARTAS (Turno IA): aiplayer_script.js:918:17
  📋 En manos: 12 cartas aiplayer_script.js:919:17
  🛡️ Equipadas: 12 cartas aiplayer_script.js:920:17
  🃏 En mazo: 7 cartas aiplayer_script.js:921:17
  🗑️ En descarte: 7 cartas aiplayer_script.js:922:17
  📈 TOTAL: 38/52 cartas aiplayer_script.js:923:17
🤖 IA robando carta... aiplayer_script.js:32:21
[DEBUG] drawCard: Jugador 2 robando "Escudero". Mano antes: 3 cartas, mazo: 7 cartas normal_script.js:159:21
[DEBUG] drawCard: Jugador 2 robó "Escudero". Mano después: 4 cartas, mazo: 6 cartas normal_script.js:165:21
🤖 IA jugando carta... aiplayer_script.js:39:21
🔍 IA evaluando estratégicamente las cartas... aiplayer_script.js:70:17
🤖 IA: Oferta de ínsula = valor 60 aiplayer_script.js:79:21
🤖 IA: Yelmo = valor 10 aiplayer_script.js:79:21
🤖 IA: Pies a tierra = valor 80 aiplayer_script.js:79:21
🤖 IA: Escudero = valor 100 aiplayer_script.js:79:21
🤖 IA seleccionó estratégicamente: Escudero (valor: 100) aiplayer_script.js:87:17
🤖 IA JUGANDO CARTA: Escudero (complemento) - Índice: 3 aiplayer_script.js:101:17
⚙️ IA OPCIONES DE JUEGO: Escudero (complemento) - Índice: 3 aiplayer_script.js:139:17
[DEBUG] addEquipment IA: Equipando "Escudero" como escudero. Mano antes: 4 cartas aiplayer_script.js:316:21
[DEBUG] addEquipment IA: "Escudero" removida de la mano. Mano después: 3 cartas aiplayer_script.js:319:21
✅ CARTA EQUIPADA: Escudero removida de la mano aiplayer_script.js:320:21
🔧 IA equipó: Escudero aiplayer_script.js:328:21
🔍 Jugador 1, gameMode: ai, playerCount: 4, isAI: false script_modular.js:346:17
🔍 Jugador 2, gameMode: ai, playerCount: 4, isAI: true script_modular.js:346:17
🔍 Jugador 3, gameMode: ai, playerCount: 4, isAI: true script_modular.js:346:17
🔍 Jugador 4, gameMode: ai, playerCount: 4, isAI: true script_modular.js:346:17
🤖 IA: Turno completado, listo para finalizar aiplayer_script.js:348:21
🔍 DEBUG: Condiciones para terminar turno: hasDrawn=true, librosMode=false, hasPlayed=true, aiSelectionHandled=false, isAI=true aiplayer_script.js:51:17
🤖 IA terminando turno... aiplayer_script.js:54:21
🔍 Jugador 1, gameMode: ai, playerCount: 4, isAI: false script_modular.js:346:17
🔍 Jugador 2, gameMode: ai, playerCount: 4, isAI: true script_modular.js:346:17
🔍 Jugador 3, gameMode: ai, playerCount: 4, isAI: true script_modular.js:346:17
🔍 Jugador 4, gameMode: ai, playerCount: 4, isAI: true script_modular.js:346:17
🔍 Jugador 3, gameMode: ai, playerCount: 4, isAI: true 2 script_modular.js:346:17
🤖 El siguiente jugador es IA, ejecutando turno automáticamente script_modular.js:234:25
🤖 Turno de IA: Jugador 3 aiplayer_script.js:21:17
📊 CONTEO DE CARTAS (Turno IA): aiplayer_script.js:918:17
  📋 En manos: 12 cartas aiplayer_script.js:919:17
  🛡️ Equipadas: 13 cartas aiplayer_script.js:920:17
  🃏 En mazo: 6 cartas aiplayer_script.js:921:17
  🗑️ En descarte: 7 cartas aiplayer_script.js:922:17
  📈 TOTAL: 38/52 cartas aiplayer_script.js:923:17
🤖 IA robando carta... aiplayer_script.js:32:21
[DEBUG] drawCard: Jugador 3 robando "Pies a tierra". Mano antes: 3 cartas, mazo: 6 cartas normal_script.js:159:21
[DEBUG] drawCard: Jugador 3 robó "Pies a tierra". Mano después: 4 cartas, mazo: 5 cartas normal_script.js:165:21
🤖 IA jugando carta... aiplayer_script.js:39:21
🔍 IA evaluando estratégicamente las cartas... aiplayer_script.js:70:17
🤖 IA: Cuando las barbas veas cortar… = valor 60 aiplayer_script.js:79:21
🤖 IA: Bacía de barbero = valor 80 aiplayer_script.js:79:21
🤖 IA: Yelmo = valor 10 aiplayer_script.js:79:21
🤖 IA: Pies a tierra = valor 80 aiplayer_script.js:79:21
🤖 IA seleccionó estratégicamente: Bacía de barbero (valor: 80) aiplayer_script.js:87:17
🤖 IA JUGANDO CARTA: Bacía de barbero (sabotaje) - Índice: 1 aiplayer_script.js:101:17
⚙️ IA OPCIONES DE JUEGO: Bacía de barbero (sabotaje) - Índice: 1 aiplayer_script.js:139:17
🎯 IA EJECUTANDO EFECTO: Bacía de barbero (sabotaje) aiplayer_script.js:170:17
🔍 IA handleAISelection iniciado para Bacía de barbero (tipo: bacia) aiplayer_script.js:192:17
🤖 IA ATACANDO AL MÁS FUERTE: Jugador 1 (Bacía de barbero) aiplayer_script.js:201:25
🎯 IA PROCESANDO SELECCIÓN: Bacía de barbero contra Jugador 1 aiplayer_script.js:252:17
🔍 DEBUG: Antes de discardCurrentCard - currentCardIndex=1, currentCard=null aiplayer_script.js:285:21
🔍 DEBUG: discardCurrentCard - currentCardIndex=1, hand.length=4 aiplayer_script.js:860:17
[DEBUG] discardCurrentCard IA: Jugador 3, Índice: 1, Carta: "Bacía de barbero", Mano antes: 4 cartas aiplayer_script.js:872:21
[DEBUG] discardCurrentCard IA: "Bacía de barbero" añadida al descarte. Mano después: 3 cartas, Descarte: 8 cartas aiplayer_script.js:877:21
🔍 DEBUG: Estado después de procesar Bacía de barbero: hasDrawn=true, hasPlayed=true, aiSelectionHandled=false aiplayer_script.js:292:21
🔍 Jugador 1, gameMode: ai, playerCount: 4, isAI: false script_modular.js:346:17
🔍 Jugador 2, gameMode: ai, playerCount: 4, isAI: true script_modular.js:346:17
🔍 Jugador 3, gameMode: ai, playerCount: 4, isAI: true script_modular.js:346:17
🔍 Jugador 4, gameMode: ai, playerCount: 4, isAI: true script_modular.js:346:17
🤖 IA: Turno completado, listo para finalizar aiplayer_script.js:299:25
🤖 IA: Turno completado, listo para finalizar aiplayer_script.js:217:25
🔍 DEBUG: Condiciones para terminar turno: hasDrawn=true, librosMode=false, hasPlayed=true, aiSelectionHandled=false, isAI=true aiplayer_script.js:51:17
🤖 IA terminando turno... aiplayer_script.js:54:21
🔍 Jugador 1, gameMode: ai, playerCount: 4, isAI: false script_modular.js:346:17
🔍 Jugador 2, gameMode: ai, playerCount: 4, isAI: true script_modular.js:346:17
🔍 Jugador 3, gameMode: ai, playerCount: 4, isAI: true script_modular.js:346:17
🔍 Jugador 4, gameMode: ai, playerCount: 4, isAI: true 3 script_modular.js:346:17
🤖 El siguiente jugador es IA, ejecutando turno automáticamente script_modular.js:234:25
🤖 Turno de IA: Jugador 4 aiplayer_script.js:21:17
📊 CONTEO DE CARTAS (Turno IA): aiplayer_script.js:918:17
  📋 En manos: 12 cartas aiplayer_script.js:919:17
  🛡️ Equipadas: 13 cartas aiplayer_script.js:920:17
  🃏 En mazo: 5 cartas aiplayer_script.js:921:17
  🗑️ En descarte: 8 cartas aiplayer_script.js:922:17
  📈 TOTAL: 38/52 cartas aiplayer_script.js:923:17
🤖 IA robando carta... aiplayer_script.js:32:21
[DEBUG] drawCard: Jugador 4 robando "Yelmo". Mano antes: 3 cartas, mazo: 5 cartas normal_script.js:159:21
[DEBUG] drawCard: Jugador 4 robó "Yelmo". Mano después: 4 cartas, mazo: 4 cartas normal_script.js:165:21
🤖 IA jugando carta... aiplayer_script.js:39:21
🔍 IA evaluando estratégicamente las cartas... aiplayer_script.js:70:17
🤖 IA: A caballo regalado… = valor 60 aiplayer_script.js:79:21
🤖 IA: Princesa Micomicona = valor 70 2 aiplayer_script.js:79:21
🤖 IA: Yelmo = valor 100 aiplayer_script.js:79:21
🤖 IA seleccionó estratégicamente: Yelmo (valor: 100) aiplayer_script.js:87:17
🤖 IA JUGANDO CARTA: Yelmo (complemento) - Índice: 3 aiplayer_script.js:101:17
⚙️ IA OPCIONES DE JUEGO: Yelmo (complemento) - Índice: 3 aiplayer_script.js:139:17
[DEBUG] addEquipment IA: Equipando "Yelmo" como yelmo. Mano antes: 4 cartas aiplayer_script.js:316:21
[DEBUG] addEquipment IA: "Yelmo" removida de la mano. Mano después: 3 cartas aiplayer_script.js:319:21
✅ CARTA EQUIPADA: Yelmo removida de la mano aiplayer_script.js:320:21
🔧 IA equipó: Yelmo aiplayer_script.js:328:21
🔍 Jugador 1, gameMode: ai, playerCount: 4, isAI: false script_modular.js:346:17
🔍 Jugador 2, gameMode: ai, playerCount: 4, isAI: true script_modular.js:346:17
🔍 Jugador 3, gameMode: ai, playerCount: 4, isAI: true script_modular.js:346:17
🔍 Jugador 4, gameMode: ai, playerCount: 4, isAI: true script_modular.js:346:17
🤖 IA: Turno completado, listo para finalizar aiplayer_script.js:348:21
🔍 DEBUG: Condiciones para terminar turno: hasDrawn=true, librosMode=false, hasPlayed=true, aiSelectionHandled=false, isAI=true aiplayer_script.js:51:17
🤖 IA terminando turno... aiplayer_script.js:54:21
🔍 Jugador 1, gameMode: ai, playerCount: 4, isAI: false 4 script_modular.js:346:17
🔍 Jugador 2, gameMode: ai, playerCount: 4, isAI: true script_modular.js:346:17
🔍 Jugador 3, gameMode: ai, playerCount: 4, isAI: true script_modular.js:346:17
🔍 Jugador 4, gameMode: ai, playerCount: 4, isAI: true script_modular.js:346:17
🔍 Jugador 1, gameMode: ai, playerCount: 4, isAI: false script_modular.js:346:17
📊 CONTEO DE CARTAS (Turno Humano): script_modular.js:678:17
  📋 En manos: 12 cartas script_modular.js:679:17
  🛡️ Equipadas: 14 cartas script_modular.js:680:17
  🃏 En mazo: 4 cartas script_modular.js:681:17
  🗑️ En descarte: 8 cartas script_modular.js:682:17
  📈 TOTAL: 38/52 cartas script_modular.js:683:17
🔍 Jugador 1, gameMode: ai, playerCount: 4, isAI: false script_modular.js:346:17
[DEBUG] drawCard: Jugador 1 robando "Libros de caballería". Mano antes: 3 cartas, mazo: 4 cartas normal_script.js:159:21
[DEBUG] drawCard: Jugador 1 robó "Libros de caballería". Mano después: 4 cartas, mazo: 3 cartas normal_script.js:165:21
🔍 Jugador 1, gameMode: ai, playerCount: 4, isAI: false 5 script_modular.js:346:17
🔍 Jugador 2, gameMode: ai, playerCount: 4, isAI: true script_modular.js:346:17
🔍 Jugador 3, gameMode: ai, playerCount: 4, isAI: true script_modular.js:346:17
🔍 Jugador 4, gameMode: ai, playerCount: 4, isAI: true script_modular.js:346:17
🔍 Jugador 1, gameMode: ai, playerCount: 4, isAI: false 2 script_modular.js:346:17
🔍 [DEBUG] playCard INICIADO - Índice: 3, Fase: play, hasPlayed: false, librosMode: false human_script.js:19:17
🎯 HUMANO JUGANDO CARTA: Libros de caballería (evento) - Índice: 3 human_script.js:34:17
🔍 [DEBUG] playCard - Mano antes de jugar: 4 cartas human_script.js:35:17
📤 HUMANO DESCARTANDO CARTA: Libros de caballería - Índice: 3 human_script.js:49:17
🎯 HUMANO EJECUTANDO EFECTO: Libros de caballería (evento) human_script.js:127:17
📚 HUMANO usando Libros de caballería human_script.js:1116:17
📚 HUMANO: No se encontraron cartas de complemento en el mazo human_script.js:1144:21
📚 HUMANO activó modo libros - puede jugar una carta adicional human_script.js:1151:17
🔍 Jugador 1, gameMode: ai, playerCount: 4, isAI: false 4 script_modular.js:346:17
🔍 Jugador 2, gameMode: ai, playerCount: 4, isAI: true script_modular.js:346:17
🔍 Jugador 3, gameMode: ai, playerCount: 4, isAI: true script_modular.js:346:17
🔍 Jugador 4, gameMode: ai, playerCount: 4, isAI: true script_modular.js:346:17
📚 MODO SOLO: Turno NO finaliza automáticamente - jugador puede jugar carta adicional human_script.js:1160:17
🔍 Jugador 1, gameMode: ai, playerCount: 4, isAI: false script_modular.js:346:17
🔍 [DEBUG] playCard INICIADO - Índice: 0, Fase: play, hasPlayed: false, librosMode: true human_script.js:19:17
🎯 HUMANO JUGANDO CARTA: Molino de viento (evento) - Índice: 0 human_script.js:34:17
🔍 [DEBUG] playCard - Mano antes de jugar: 3 cartas human_script.js:35:17
📤 HUMANO DESCARTANDO CARTA: Molino de viento - Índice: 0 human_script.js:49:17
🎯 HUMANO EJECUTANDO EFECTO: Molino de viento (evento) human_script.js:127:17
🌪️ HUMANO activó Molino de viento human_script.js:989:17
📚 MODO AI + LIBROS: Turno NO finaliza automáticamente - modo libros activo human_script.js:1000:21
🔄 MODO AI: Finalizando turno automáticamente después de carta sin interacción human_script.js:65:25
🔍 Jugador 1, gameMode: ai, playerCount: 4, isAI: false script_modular.js:346:17
🔍 Jugador 2, gameMode: ai, playerCount: 4, isAI: true script_modular.js:346:17
🔍 Jugador 3, gameMode: ai, playerCount: 4, isAI: true script_modular.js:346:17
🔍 Jugador 4, gameMode: ai, playerCount: 4, isAI: true script_modular.js:346:17
🔍 Jugador 2, gameMode: ai, playerCount: 4, isAI: true 2 script_modular.js:346:17
🤖 El siguiente jugador es IA, ejecutando turno automáticamente script_modular.js:234:25
🔍 Jugador 1, gameMode: ai, playerCount: 4, isAI: false script_modular.js:346:17
🔍 Jugador 2, gameMode: ai, playerCount: 4, isAI: true script_modular.js:346:17
🔍 Jugador 3, gameMode: ai, playerCount: 4, isAI: true script_modular.js:346:17
🔍 Jugador 4, gameMode: ai, playerCount: 4, isAI: true script_modular.js:346:17
🤖 Turno de IA: Jugador 2 aiplayer_script.js:21:17
📊 CONTEO DE CARTAS (Turno IA): aiplayer_script.js:918:17
  📋 En manos: 11 cartas aiplayer_script.js:919:17
  🛡️ Equipadas: 14 cartas aiplayer_script.js:920:17
  🃏 En mazo: 3 cartas aiplayer_script.js:921:17
  🗑️ En descarte: 10 cartas aiplayer_script.js:922:17
  📈 TOTAL: 38/52 cartas aiplayer_script.js:923:17
🤖 IA robando carta... aiplayer_script.js:32:21
[DEBUG] drawCard: Jugador 2 robando "Doncella en apuros". Mano antes: 3 cartas, mazo: 3 cartas normal_script.js:159:21
[DEBUG] drawCard: Jugador 2 robó "Doncella en apuros". Mano después: 4 cartas, mazo: 2 cartas normal_script.js:165:21
🤖 IA jugando carta... aiplayer_script.js:39:21
🔍 IA evaluando estratégicamente las cartas... aiplayer_script.js:70:17
🤖 IA: Oferta de ínsula = valor 60 aiplayer_script.js:79:21
🤖 IA: Yelmo = valor 10 aiplayer_script.js:79:21
🤖 IA: Pies a tierra = valor 80 aiplayer_script.js:79:21
🤖 IA: Doncella en apuros = valor 70 aiplayer_script.js:79:21
🤖 IA seleccionó estratégicamente: Pies a tierra (valor: 80) aiplayer_script.js:87:17
🤖 IA JUGANDO CARTA: Pies a tierra (sabotaje) - Índice: 2 aiplayer_script.js:101:17
⚙️ IA OPCIONES DE JUEGO: Pies a tierra (sabotaje) - Índice: 2 aiplayer_script.js:139:17
🎯 IA EJECUTANDO EFECTO: Pies a tierra (sabotaje) aiplayer_script.js:170:17
🔍 IA handleAISelection iniciado para Pies a tierra (tipo: pies) aiplayer_script.js:192:17
🤖 IA ATACANDO AL MÁS FUERTE: Jugador 1 (Pies a tierra) aiplayer_script.js:201:25
🎯 IA PROCESANDO SELECCIÓN: Pies a tierra contra Jugador 1 aiplayer_script.js:252:17
🛡️ Equipamiento protegido: escudero del Jugador 1 normal_script.js:249:21
🗑️ PROTECCIÓN CONSUMIDA: Bálsamo de Fierabrás va al descarte normal_script.js:255:25
🔍 DEBUG: Antes de discardCurrentCard - currentCardIndex=2, currentCard=null aiplayer_script.js:285:21
🔍 DEBUG: discardCurrentCard - currentCardIndex=2, hand.length=4 aiplayer_script.js:860:17
[DEBUG] discardCurrentCard IA: Jugador 2, Índice: 2, Carta: "Pies a tierra", Mano antes: 4 cartas aiplayer_script.js:872:21
[DEBUG] discardCurrentCard IA: "Pies a tierra" añadida al descarte. Mano después: 3 cartas, Descarte: 12 cartas aiplayer_script.js:877:21
🔍 DEBUG: Estado después de procesar Pies a tierra: hasDrawn=true, hasPlayed=true, aiSelectionHandled=false aiplayer_script.js:292:21
🔍 Jugador 1, gameMode: ai, playerCount: 4, isAI: false script_modular.js:346:17
🔍 Jugador 2, gameMode: ai, playerCount: 4, isAI: true script_modular.js:346:17
🔍 Jugador 3, gameMode: ai, playerCount: 4, isAI: true script_modular.js:346:17
🔍 Jugador 4, gameMode: ai, playerCount: 4, isAI: true script_modular.js:346:17
🤖 IA: Turno completado, listo para finalizar aiplayer_script.js:299:25
🤖 IA: Turno completado, listo para finalizar aiplayer_script.js:217:25
🔍 DEBUG: Condiciones para terminar turno: hasDrawn=true, librosMode=false, hasPlayed=true, aiSelectionHandled=false, isAI=true aiplayer_script.js:51:17
🤖 IA terminando turno... aiplayer_script.js:54:21
🔍 Jugador 1, gameMode: ai, playerCount: 4, isAI: false script_modular.js:346:17
🔍 Jugador 2, gameMode: ai, playerCount: 4, isAI: true script_modular.js:346:17
🔍 Jugador 3, gameMode: ai, playerCount: 4, isAI: true script_modular.js:346:17
🔍 Jugador 4, gameMode: ai, playerCount: 4, isAI: true script_modular.js:346:17
🔍 Jugador 3, gameMode: ai, playerCount: 4, isAI: true 2 script_modular.js:346:17
🤖 El siguiente jugador es IA, ejecutando turno automáticamente script_modular.js:234:25
🤖 Turno de IA: Jugador 3 aiplayer_script.js:21:17
📊 CONTEO DE CARTAS (Turno IA): aiplayer_script.js:918:17
  📋 En manos: 11 cartas aiplayer_script.js:919:17
  🛡️ Equipadas: 13 cartas aiplayer_script.js:920:17
  🃏 En mazo: 2 cartas aiplayer_script.js:921:17
  🗑️ En descarte: 12 cartas aiplayer_script.js:922:17
  📈 TOTAL: 38/52 cartas aiplayer_script.js:923:17
🤖 IA robando carta... aiplayer_script.js:32:21
[DEBUG] drawCard: Jugador 3 robando "Doncella en apuros". Mano antes: 3 cartas, mazo: 2 cartas normal_script.js:159:21
[DEBUG] drawCard: Jugador 3 robó "Doncella en apuros". Mano después: 4 cartas, mazo: 1 cartas normal_script.js:165:21
🤖 IA jugando carta... aiplayer_script.js:39:21
🔍 IA evaluando estratégicamente las cartas... aiplayer_script.js:70:17
🤖 IA: Cuando las barbas veas cortar… = valor 60 aiplayer_script.js:79:21
🤖 IA: Yelmo = valor 10 aiplayer_script.js:79:21
🤖 IA: Pies a tierra = valor 80 aiplayer_script.js:79:21
🤖 IA: Doncella en apuros = valor 70 aiplayer_script.js:79:21
🤖 IA seleccionó estratégicamente: Pies a tierra (valor: 80) aiplayer_script.js:87:17
🤖 IA JUGANDO CARTA: Pies a tierra (sabotaje) - Índice: 2 aiplayer_script.js:101:17
⚙️ IA OPCIONES DE JUEGO: Pies a tierra (sabotaje) - Índice: 2 aiplayer_script.js:139:17
🎯 IA EJECUTANDO EFECTO: Pies a tierra (sabotaje) aiplayer_script.js:170:17
🔍 IA handleAISelection iniciado para Pies a tierra (tipo: pies) aiplayer_script.js:192:17
🤖 IA ATACANDO AL MÁS FUERTE: Jugador 1 (Pies a tierra) aiplayer_script.js:201:25
🎯 IA PROCESANDO SELECCIÓN: Pies a tierra contra Jugador 1 aiplayer_script.js:252:17
[DEBUG] removeEquipment: Quitando escudero de Jugador 1. Equipamiento antes: {"id":"escudero-1","name":"Escudero","type":"escudero","category":"complemento","target":null,"protected":false,"protectionCard":null} normal_script.js:264:17
🗑️ Equipamiento removido: Escudero del Jugador 1 normal_script.js:269:17
[DEBUG] removeEquipment: Escudero añadido al descarte. Descarte: 13 cartas normal_script.js:270:17
🔍 DEBUG: Antes de discardCurrentCard - currentCardIndex=2, currentCard=null aiplayer_script.js:285:21
🔍 DEBUG: discardCurrentCard - currentCardIndex=2, hand.length=4 aiplayer_script.js:860:17
[DEBUG] discardCurrentCard IA: Jugador 3, Índice: 2, Carta: "Pies a tierra", Mano antes: 4 cartas aiplayer_script.js:872:21
[DEBUG] discardCurrentCard IA: "Pies a tierra" añadida al descarte. Mano después: 3 cartas, Descarte: 14 cartas aiplayer_script.js:877:21
🔍 DEBUG: Estado después de procesar Pies a tierra: hasDrawn=true, hasPlayed=true, aiSelectionHandled=false aiplayer_script.js:292:21
🔍 Jugador 1, gameMode: ai, playerCount: 4, isAI: false script_modular.js:346:17
🔍 Jugador 2, gameMode: ai, playerCount: 4, isAI: true script_modular.js:346:17
🔍 Jugador 3, gameMode: ai, playerCount: 4, isAI: true script_modular.js:346:17
🔍 Jugador 4, gameMode: ai, playerCount: 4, isAI: true script_modular.js:346:17
🤖 IA: Turno completado, listo para finalizar aiplayer_script.js:299:25
🤖 IA: Turno completado, listo para finalizar aiplayer_script.js:217:25
🔍 DEBUG: Condiciones para terminar turno: hasDrawn=true, librosMode=false, hasPlayed=true, aiSelectionHandled=false, isAI=true aiplayer_script.js:51:17
🤖 IA terminando turno... aiplayer_script.js:54:21
🔍 Jugador 1, gameMode: ai, playerCount: 4, isAI: false script_modular.js:346:17
🔍 Jugador 2, gameMode: ai, playerCount: 4, isAI: true script_modular.js:346:17
🔍 Jugador 3, gameMode: ai, playerCount: 4, isAI: true script_modular.js:346:17
🔍 Jugador 4, gameMode: ai, playerCount: 4, isAI: true 3 script_modular.js:346:17
🤖 El siguiente jugador es IA, ejecutando turno automáticamente script_modular.js:234:25
🤖 Turno de IA: Jugador 4 aiplayer_script.js:21:17
📊 CONTEO DE CARTAS (Turno IA): aiplayer_script.js:918:17
  📋 En manos: 11 cartas aiplayer_script.js:919:17
  🛡️ Equipadas: 12 cartas aiplayer_script.js:920:17
  🃏 En mazo: 1 cartas aiplayer_script.js:921:17
  🗑️ En descarte: 14 cartas aiplayer_script.js:922:17
  📈 TOTAL: 38/52 cartas aiplayer_script.js:923:17
🤖 IA robando carta... aiplayer_script.js:32:21
[DEBUG] drawCard: Jugador 4 robando "Bacía de barbero". Mano antes: 3 cartas, mazo: 1 cartas normal_script.js:159:21
[DEBUG] drawCard: Jugador 4 robó "Bacía de barbero". Mano después: 4 cartas, mazo: 0 cartas normal_script.js:165:21
🤖 IA jugando carta... aiplayer_script.js:39:21
🔍 IA evaluando estratégicamente las cartas... aiplayer_script.js:70:17
🤖 IA: A caballo regalado… = valor 60 aiplayer_script.js:79:21
🤖 IA: Princesa Micomicona = valor 70 2 aiplayer_script.js:79:21
🤖 IA: Bacía de barbero = valor 80 aiplayer_script.js:79:21
🤖 IA seleccionó estratégicamente: Bacía de barbero (valor: 80) aiplayer_script.js:87:17
🤖 IA JUGANDO CARTA: Bacía de barbero (sabotaje) - Índice: 3 aiplayer_script.js:101:17
⚙️ IA OPCIONES DE JUEGO: Bacía de barbero (sabotaje) - Índice: 3 aiplayer_script.js:139:17
🎯 IA EJECUTANDO EFECTO: Bacía de barbero (sabotaje) aiplayer_script.js:170:17
🔍 IA handleAISelection iniciado para Bacía de barbero (tipo: bacia) aiplayer_script.js:192:17
🤖 IA ATACANDO AL MÁS FUERTE: Jugador 2 (Bacía de barbero) aiplayer_script.js:201:25
🎯 IA PROCESANDO SELECCIÓN: Bacía de barbero contra Jugador 2 aiplayer_script.js:252:17
[DEBUG] removeEquipment: Quitando yelmo de Jugador 2. Equipamiento antes: {"id":"yelmo-4","name":"Yelmo","type":"yelmo","category":"complemento","target":null} normal_script.js:264:17
🗑️ Equipamiento removido: Yelmo del Jugador 2 normal_script.js:269:17
[DEBUG] removeEquipment: Yelmo añadido al descarte. Descarte: 15 cartas normal_script.js:270:17
🔍 DEBUG: Antes de discardCurrentCard - currentCardIndex=3, currentCard=null aiplayer_script.js:285:21
🔍 DEBUG: discardCurrentCard - currentCardIndex=3, hand.length=4 aiplayer_script.js:860:17
[DEBUG] discardCurrentCard IA: Jugador 4, Índice: 3, Carta: "Bacía de barbero", Mano antes: 4 cartas aiplayer_script.js:872:21
[DEBUG] discardCurrentCard IA: "Bacía de barbero" añadida al descarte. Mano después: 3 cartas, Descarte: 16 cartas aiplayer_script.js:877:21
🔍 DEBUG: Estado después de procesar Bacía de barbero: hasDrawn=true, hasPlayed=true, aiSelectionHandled=false aiplayer_script.js:292:21
🔍 Jugador 1, gameMode: ai, playerCount: 4, isAI: false script_modular.js:346:17
🔍 Jugador 2, gameMode: ai, playerCount: 4, isAI: true script_modular.js:346:17
🔍 Jugador 3, gameMode: ai, playerCount: 4, isAI: true script_modular.js:346:17
🔍 Jugador 4, gameMode: ai, playerCount: 4, isAI: true script_modular.js:346:17
🤖 IA: Turno completado, listo para finalizar aiplayer_script.js:299:25
🤖 IA: Turno completado, listo para finalizar aiplayer_script.js:217:25
🔍 DEBUG: Condiciones para terminar turno: hasDrawn=true, librosMode=false, hasPlayed=true, aiSelectionHandled=false, isAI=true aiplayer_script.js:51:17
🤖 IA terminando turno... aiplayer_script.js:54:21
🌪️ Molino activo para jugador 1, turnos restantes: 1 normal_script.js:201:21
🌪️ Molino terminado normal_script.js:204:25
🔍 Jugador 1, gameMode: ai, playerCount: 4, isAI: false 3 script_modular.js:346:17
🔍 Jugador 2, gameMode: ai, playerCount: 4, isAI: true script_modular.js:346:17
🔍 Jugador 3, gameMode: ai, playerCount: 4, isAI: true script_modular.js:346:17
🔍 Jugador 4, gameMode: ai, playerCount: 4, isAI: true script_modular.js:346:17
🔍 Jugador 1, gameMode: ai, playerCount: 4, isAI: false script_modular.js:346:17
📊 CONTEO DE CARTAS (Turno Humano): script_modular.js:678:17
  📋 En manos: 11 cartas script_modular.js:679:17
  🛡️ Equipadas: 11 cartas script_modular.js:680:17
  🃏 En mazo: 0 cartas script_modular.js:681:17
  🗑️ En descarte: 16 cartas script_modular.js:682:17
  📈 TOTAL: 38/52 cartas script_modular.js:683:17
🔍 Jugador 1, gameMode: ai, playerCount: 4, isAI: false script_modular.js:346:17
[DEBUG] drawCard: Jugador 1 robando "Molino de viento". Mano antes: 2 cartas, mazo: 15 cartas normal_script.js:159:21
[DEBUG] drawCard: Jugador 1 robó "Molino de viento". Mano después: 3 cartas, mazo: 14 cartas normal_script.js:165:21
🔍 Jugador 1, gameMode: ai, playerCount: 4, isAI: false 4 script_modular.js:346:17
🔍 Jugador 2, gameMode: ai, playerCount: 4, isAI: true script_modular.js:346:17
🔍 Jugador 3, gameMode: ai, playerCount: 4, isAI: true script_modular.js:346:17
🔍 Jugador 4, gameMode: ai, playerCount: 4, isAI: true script_modular.js:346:17
🔍 Jugador 1, gameMode: ai, playerCount: 4, isAI: false 2 script_modular.js:346:17
🔍 [DEBUG] playCard INICIADO - Índice: 1, Fase: play, hasPlayed: false, librosMode: false human_script.js:19:17
🎯 HUMANO JUGANDO CARTA: Flaqueza y mala traza (sabotaje) - Índice: 1 human_script.js:34:17
🔍 [DEBUG] playCard - Mano antes de jugar: 3 cartas human_script.js:35:17
⚙️ HUMANO OPCIONES DE JUEGO: Flaqueza y mala traza (sabotaje) - Índice: 1 human_script.js:92:17
🔍 [DEBUG] showPlayOptions - Carta: Flaqueza y mala traza, Categoría: sabotaje, Tipo: flaqueza human_script.js:93:17
⚔️ [DEBUG] showPlayOptions - Ejecutando executeCardEffect para sabotaje human_script.js:100:21
🎯 HUMANO EJECUTANDO EFECTO: Flaqueza y mala traza (sabotaje) human_script.js:127:17
👥 HUMANO MOSTRANDO SELECCIÓN DE JUGADOR: Flaqueza y mala traza - Índice: 1 human_script.js:241:17
👥 HUMANO MOSTRANDO SELECCIÓN DE JUGADOR: Modo de juego: ai human_script.js:242:17
❌ ERROR: Elemento player-select-modal no encontrado en el DOM human_script.js:247:21
❌ ERROR: Creando modal dinámicamente human_script.js:248:21
✅ Modal de selección de jugador creado dinámicamente human_script.js:304:21
[DEBUG] Número de jugadores en la partida:  4 human_script.js:305:21
[DEBUG] Número de botones de jugador en el modal:  3 human_script.js:306:21
🎯 HUMANO HANDLE PLAYER SELECTION: Jugador 4 seleccionado human_script.js:371:17
⚔️ HUMANO Ejecutando sabotaje directo: Flaqueza y mala traza contra Jugador 4 human_script.js:383:21
⚔️ EXECUTE_SABOTAGE_DIRECTLY INICIADO - Flaqueza y mala traza contra Jugador 4 human_script.js:392:17
⚔️ Tipo de carta: flaqueza human_script.js:393:17
⚔️ Jugador objetivo: 3 human_script.js:394:17
🛡️ Equipamiento protegido: rocin del Jugador 4 normal_script.js:249:21
🗑️ PROTECCIÓN CONSUMIDA: Bálsamo de Fierabrás va al descarte normal_script.js:255:25
⚔️ EXECUTE_SABOTAGE_DIRECTLY: Llamando discardCurrentCard() human_script.js:451:21
🗑️ DISCARD_CURRENT_CARD INICIADO - Jugador: 1, Índice: 1 human_script.js:1646:17
🔍 [DEBUG] discardCurrentCard - Estado antes: hasPlayed=false, gameMode=ai, librosMode=false human_script.js:1647:17
[DEBUG] discardCurrentCard HUMANO: Jugador 1, Índice: 1, Carta: "Flaqueza y mala traza", Mano antes: 3 cartas human_script.js:1661:21
[DEBUG] discardCurrentCard HUMANO: "Flaqueza y mala traza" añadida al descarte. Mano después: 2 cartas, Descarte: 3 cartas human_script.js:1666:21
🗑️ HUMANO DESCARTÓ CARTA: Flaqueza y mala traza human_script.js:1667:21
🗑️ DISCARD_CURRENT_CARD - Estado después de descartar: hasPlayed=true, gameMode=ai, librosMode=false human_script.js:1673:21
🔍 Jugador 1, gameMode: ai, playerCount: 4, isAI: false 3 script_modular.js:346:17
🔍 Jugador 2, gameMode: ai, playerCount: 4, isAI: true script_modular.js:346:17
🔍 Jugador 3, gameMode: ai, playerCount: 4, isAI: true script_modular.js:346:17
🔍 Jugador 4, gameMode: ai, playerCount: 4, isAI: true script_modular.js:346:17
🔄 MODO AI: Finalizando turno automáticamente después de descartar carta human_script.js:1682:25
✅ [DEBUG] discardCurrentCard COMPLETADO - hasPlayed=true, currentCardIndex=undefined human_script.js:1710:17
⚔️ EXECUTE_SABOTAGE_DIRECTLY: Después de discardCurrentCard - hasPlayed=true, gameMode=ai, librosMode=false human_script.js:454:21
🔍 Jugador 1, gameMode: ai, playerCount: 4, isAI: false 3 script_modular.js:346:17
🔍 Jugador 2, gameMode: ai, playerCount: 4, isAI: true script_modular.js:346:17
🔍 Jugador 3, gameMode: ai, playerCount: 4, isAI: true script_modular.js:346:17
🔍 Jugador 4, gameMode: ai, playerCount: 4, isAI: true script_modular.js:346:17
⚔️ EXECUTE_SABOTAGE_DIRECTLY: NO llamando endTurn() aquí porque discardCurrentCard() ya lo maneja human_script.js:467:21
🔄 MODO AI: Ejecutando endTurn() desde discardCurrentCard human_script.js:1684:29
🔍 Jugador 1, gameMode: ai, playerCount: 4, isAI: false script_modular.js:346:17
🔍 Jugador 2, gameMode: ai, playerCount: 4, isAI: true script_modular.js:346:17
🔍 Jugador 3, gameMode: ai, playerCount: 4, isAI: true script_modular.js:346:17
🔍 Jugador 4, gameMode: ai, playerCount: 4, isAI: true script_modular.js:346:17
🔍 Jugador 2, gameMode: ai, playerCount: 4, isAI: true 2 script_modular.js:346:17
🤖 El siguiente jugador es IA, ejecutando turno automáticamente script_modular.js:234:25
🤖 Turno de IA: Jugador 2 aiplayer_script.js:21:17
📊 CONTEO DE CARTAS (Turno IA): aiplayer_script.js:918:17
  📋 En manos: 11 cartas aiplayer_script.js:919:17
  🛡️ Equipadas: 10 cartas aiplayer_script.js:920:17
  🃏 En mazo: 14 cartas aiplayer_script.js:921:17
  🗑️ En descarte: 3 cartas aiplayer_script.js:922:17
  📈 TOTAL: 38/52 cartas aiplayer_script.js:923:17
🤖 IA robando carta... aiplayer_script.js:32:21
[DEBUG] drawCard: Jugador 2 robando "Libros de caballería". Mano antes: 3 cartas, mazo: 14 cartas normal_script.js:159:21
[DEBUG] drawCard: Jugador 2 robó "Libros de caballería". Mano después: 4 cartas, mazo: 13 cartas normal_script.js:165:21
🤖 IA jugando carta... aiplayer_script.js:39:21
🔍 IA evaluando estratégicamente las cartas... aiplayer_script.js:70:17
🤖 IA: Oferta de ínsula = valor 60 aiplayer_script.js:79:21
🤖 IA: Yelmo = valor 100 aiplayer_script.js:79:21
🤖 IA: Doncella en apuros = valor 70 aiplayer_script.js:79:21
🤖 IA: Libros de caballería = valor 120 aiplayer_script.js:79:21
🤖 IA seleccionó estratégicamente: Libros de caballería (valor: 120) aiplayer_script.js:87:17
🤖 IA JUGANDO CARTA: Libros de caballería (evento) - Índice: 3 aiplayer_script.js:101:17
📤 IA DESCARTANDO CARTA: Libros de caballería - Índice: 3 aiplayer_script.js:115:17
🎯 IA EJECUTANDO EFECTO: Libros de caballería (evento) aiplayer_script.js:170:17
🔍 DEBUG: playCardToDiscard - requiresInteraction=true, card.type=libros aiplayer_script.js:122:17
🔍 DEBUG: Carta requiere interacción, NO removiendo de mano aún aiplayer_script.js:131:21
🔍 IA handleAISelection iniciado para Libros de caballería (tipo: libros) aiplayer_script.js:192:17
📚 IA usando Libros de caballería aiplayer_script.js:243:21
📚 IA usando Libros de caballería aiplayer_script.js:629:17
📚 IA usó Libros de caballería - turno completado aiplayer_script.js:640:17
🔍 Jugador 1, gameMode: ai, playerCount: 4, isAI: false script_modular.js:346:17
🔍 Jugador 2, gameMode: ai, playerCount: 4, isAI: true script_modular.js:346:17
🔍 Jugador 3, gameMode: ai, playerCount: 4, isAI: true script_modular.js:346:17
🔍 Jugador 4, gameMode: ai, playerCount: 4, isAI: true script_modular.js:346:17
🤖 IA: Turno completado, listo para finalizar aiplayer_script.js:648:21
🔍 DEBUG: Condiciones para terminar turno: hasDrawn=true, librosMode=false, hasPlayed=true, aiSelectionHandled=false, isAI=true aiplayer_script.js:51:17
🤖 IA terminando turno... aiplayer_script.js:54:21
🔍 Jugador 1, gameMode: ai, playerCount: 4, isAI: false script_modular.js:346:17
🔍 Jugador 2, gameMode: ai, playerCount: 4, isAI: true script_modular.js:346:17
🔍 Jugador 3, gameMode: ai, playerCount: 4, isAI: true script_modular.js:346:17
🔍 Jugador 4, gameMode: ai, playerCount: 4, isAI: true script_modular.js:346:17
🔍 Jugador 3, gameMode: ai, playerCount: 4, isAI: true 2 script_modular.js:346:17
🤖 El siguiente jugador es IA, ejecutando turno automáticamente script_modular.js:234:25
🤖 Turno de IA: Jugador 3 aiplayer_script.js:21:17
📊 CONTEO DE CARTAS (Turno IA): aiplayer_script.js:918:17
  📋 En manos: 11 cartas aiplayer_script.js:919:17
  🛡️ Equipadas: 10 cartas aiplayer_script.js:920:17
  🃏 En mazo: 13 cartas aiplayer_script.js:921:17
  🗑️ En descarte: 4 cartas aiplayer_script.js:922:17
  📈 TOTAL: 38/52 cartas aiplayer_script.js:923:17
🤖 IA robando carta... aiplayer_script.js:32:21
[DEBUG] drawCard: Jugador 3 robando "Cuchicheos de ventero". Mano antes: 3 cartas, mazo: 13 cartas normal_script.js:159:21
[DEBUG] drawCard: Jugador 3 robó "Cuchicheos de ventero". Mano después: 4 cartas, mazo: 12 cartas normal_script.js:165:21
🤖 IA jugando carta... aiplayer_script.js:39:21
🔍 IA evaluando estratégicamente las cartas... aiplayer_script.js:70:17
🤖 IA: Cuando las barbas veas cortar… = valor 60 aiplayer_script.js:79:21
🤖 IA: Yelmo = valor 10 aiplayer_script.js:79:21
🤖 IA: Doncella en apuros = valor 70 aiplayer_script.js:79:21
🤖 IA: Cuchicheos de ventero = valor 70 aiplayer_script.js:79:21
🤖 IA seleccionó estratégicamente: Doncella en apuros (valor: 70) aiplayer_script.js:87:17
🤖 IA JUGANDO CARTA: Doncella en apuros (evento) - Índice: 2 aiplayer_script.js:101:17
📤 IA DESCARTANDO CARTA: Doncella en apuros - Índice: 2 aiplayer_script.js:115:17
🎯 IA EJECUTANDO EFECTO: Doncella en apuros (evento) aiplayer_script.js:170:17
🔍 DEBUG: playCardToDiscard - requiresInteraction=true, card.type=doncella aiplayer_script.js:122:17
🔍 DEBUG: Carta requiere interacción, NO removiendo de mano aún aiplayer_script.js:131:21
🔍 IA handleAISelection iniciado para Doncella en apuros (tipo: doncella) aiplayer_script.js:192:17
🤖 IA RETRASANDO AL MÁS FUERTE: Jugador 4 (Doncella) aiplayer_script.js:204:25
🎯 IA PROCESANDO SELECCIÓN: Doncella en apuros contra Jugador 4 aiplayer_script.js:252:17
🔍 DEBUG: Antes de discardCurrentCard - currentCardIndex=2, currentCard=null aiplayer_script.js:285:21
🔍 DEBUG: discardCurrentCard - currentCardIndex=2, hand.length=4 aiplayer_script.js:860:17
[DEBUG] discardCurrentCard IA: Jugador 3, Índice: 2, Carta: "Doncella en apuros", Mano antes: 4 cartas aiplayer_script.js:872:21
[DEBUG] discardCurrentCard IA: "Doncella en apuros" añadida al descarte. Mano después: 3 cartas, Descarte: 5 cartas aiplayer_script.js:877:21
🔍 DEBUG: Estado después de procesar Doncella en apuros: hasDrawn=true, hasPlayed=true, aiSelectionHandled=false aiplayer_script.js:292:21
🔍 Jugador 1, gameMode: ai, playerCount: 4, isAI: false script_modular.js:346:17
🔍 Jugador 2, gameMode: ai, playerCount: 4, isAI: true script_modular.js:346:17
🔍 Jugador 3, gameMode: ai, playerCount: 4, isAI: true script_modular.js:346:17
🔍 Jugador 4, gameMode: ai, playerCount: 4, isAI: true script_modular.js:346:17
🤖 IA: Turno completado, listo para finalizar aiplayer_script.js:299:25
🤖 IA: Turno completado, listo para finalizar aiplayer_script.js:217:25
🔍 DEBUG: Condiciones para terminar turno: hasDrawn=true, librosMode=false, hasPlayed=true, aiSelectionHandled=false, isAI=true aiplayer_script.js:51:17
🤖 IA terminando turno... aiplayer_script.js:54:21
⏭️ Jugador 4 está saltado, saltando turno normal_script.js:194:21
🔍 Jugador 1, gameMode: ai, playerCount: 4, isAI: false 3 script_modular.js:346:17
🔍 Jugador 2, gameMode: ai, playerCount: 4, isAI: true script_modular.js:346:17
🔍 Jugador 3, gameMode: ai, playerCount: 4, isAI: true script_modular.js:346:17
🔍 Jugador 4, gameMode: ai, playerCount: 4, isAI: true script_modular.js:346:17
🔍 Jugador 1, gameMode: ai, playerCount: 4, isAI: false script_modular.js:346:17
📊 CONTEO DE CARTAS (Turno Humano): script_modular.js:678:17
  📋 En manos: 11 cartas script_modular.js:679:17
  🛡️ Equipadas: 10 cartas script_modular.js:680:17
  🃏 En mazo: 12 cartas script_modular.js:681:17
  🗑️ En descarte: 5 cartas script_modular.js:682:17
  📈 TOTAL: 38/52 cartas script_modular.js:683:17
🔍 Jugador 1, gameMode: ai, playerCount: 4, isAI: false script_modular.js:346:17
[DEBUG] drawCard: Jugador 1 robando "Molino de viento". Mano antes: 2 cartas, mazo: 12 cartas normal_script.js:159:21
[DEBUG] drawCard: Jugador 1 robó "Molino de viento". Mano después: 3 cartas, mazo: 11 cartas normal_script.js:165:21
🔍 Jugador 1, gameMode: ai, playerCount: 4, isAI: false 4 script_modular.js:346:17
🔍 Jugador 2, gameMode: ai, playerCount: 4, isAI: true script_modular.js:346:17
🔍 Jugador 3, gameMode: ai, playerCount: 4, isAI: true script_modular.js:346:17
🔍 Jugador 4, gameMode: ai, playerCount: 4, isAI: true script_modular.js:346:17
🔍 Jugador 1, gameMode: ai, playerCount: 4, isAI: false 2 script_modular.js:346:17
🔍 [DEBUG] playCard INICIADO - Índice: 0, Fase: play, hasPlayed: false, librosMode: false human_script.js:19:17
🎯 HUMANO JUGANDO CARTA: Cuchicheos de ventero (evento) - Índice: 0 human_script.js:34:17
🔍 [DEBUG] playCard - Mano antes de jugar: 3 cartas human_script.js:35:17
📤 HUMANO DESCARTANDO CARTA: Cuchicheos de ventero - Índice: 0 human_script.js:49:17
🎯 HUMANO EJECUTANDO EFECTO: Cuchicheos de ventero (evento) human_script.js:127:17
👥 HUMANO MOSTRANDO SELECCIÓN DE JUGADOR: Cuchicheos de ventero - Índice: 0 human_script.js:241:17
👥 HUMANO MOSTRANDO SELECCIÓN DE JUGADOR: Modo de juego: ai human_script.js:242:17
❌ ERROR: Elemento player-select-modal no encontrado en el DOM human_script.js:247:21
❌ ERROR: Creando modal dinámicamente human_script.js:248:21
✅ Modal de selección de jugador creado dinámicamente human_script.js:304:21
[DEBUG] Número de jugadores en la partida:  4 human_script.js:305:21
[DEBUG] Número de botones de jugador en el modal:  3 human_script.js:306:21
🎯 HUMANO HANDLE PLAYER SELECTION: Jugador 3 seleccionado human_script.js:371:17
⚔️ HUMANO Ejecutando sabotaje directo: Cuchicheos de ventero contra Jugador 3 human_script.js:383:21
⚔️ EXECUTE_SABOTAGE_DIRECTLY INICIADO - Cuchicheos de ventero contra Jugador 3 human_script.js:392:17
⚔️ Tipo de carta: cuchicheos human_script.js:393:17
⚔️ Jugador objetivo: 2 human_script.js:394:17
🗣️ CUCHICHEOS: Iniciando intercambio con Jugador 3 human_script.js:431:25
🗣️ CUCHICHEOS: Carta a guardar: 
Object { id: "cuchicheos-0", name: "Cuchicheos de ventero", type: "cuchicheos", category: "evento", target: null }
human_script.js:432:25
🗣️ CUCHICHEOS: this.originalCuchicheosCard antes: null human_script.js:433:25
🗣️ CUCHICHEOS: Carta original guardada: 
Object { id: "cuchicheos-0", name: "Cuchicheos de ventero", type: "cuchicheos", category: "evento", target: null }
human_script.js:436:25
🗣️ CUCHICHEOS: this.originalCuchicheosCard después: 
Object { id: "cuchicheos-0", name: "Cuchicheos de ventero", type: "cuchicheos", category: "evento", target: null }
human_script.js:437:25
🔄 EXCHANGE_CARDS INICIADO - Jugador 1 ↔ Jugador 3 human_script.js:1168:17
🔄 EXCHANGE_CARDS - Estado actual: hasPlayed=false, gameMode=ai human_script.js:1169:17
🔄 EXCHANGE_CARDS - Cartas disponibles del jugador actual: Molino de viento, Molino de viento human_script.js:1181:17
🔄 SHOW_EXCHANGE_MODAL INICIADO - Jugador 1 ↔ Jugador 3 human_script.js:1195:17
🔄 SHOW_EXCHANGE_MODAL - Mano del jugador actual: Cuchicheos de ventero, Molino de viento, Molino de viento human_script.js:1196:17
🔄 SHOW_EXCHANGE_MODAL - Mano del jugador objetivo: Cuando las barbas veas cortar…, Yelmo, Cuchicheos de ventero human_script.js:1197:17
🔄 SHOW_EXCHANGE_MODAL - Carta actual: Cuchicheos de ventero human_script.js:1198:17
🔄 SHOW_EXCHANGE_MODAL - Índice carta actual: 0 human_script.js:1199:17
🔄 SHOW_EXCHANGE_MODAL - this.originalCuchicheosCard: 
Object { id: "cuchicheos-0", name: "Cuchicheos de ventero", type: "cuchicheos", category: "evento", target: null }
human_script.js:1200:17
🔄 SHOW_EXCHANGE_MODAL: Modal creado con display=block, zIndex=9999 human_script.js:1217:17
🔄 SHOW_EXCHANGE_MODAL: Ocultando carta cuchicheos que se está jugando (índice 0) human_script.js:1235:45
🔄 SHOW_EXCHANGE_MODAL: Añadiendo modal al DOM human_script.js:1277:17
🔄 SHOW_EXCHANGE_MODAL: Configurando exchangeData human_script.js:1280:17
🔄 SHOW_EXCHANGE_MODAL: Configurando event listeners human_script.js:1288:17
🔄 SHOW_EXCHANGE_MODAL: Modal de intercambio mostrado human_script.js:1310:17
🗣️ CUCHICHEOS: Descarte y finalización se manejarán en executeExchange human_script.js:469:21
🔄 SHOW_EXCHANGE_MODAL: Modales visibles en DOM: 1 human_script.js:1315:21
✅ SHOW_EXCHANGE_MODAL: Modal visible en el DOM human_script.js:1319:25
🔄 SHOW_EXCHANGE_MODAL: window.game existe: SÍ human_script.js:1323:21
🔄 SHOW_EXCHANGE_MODAL: window.game.acceptExchange existe: SÍ human_script.js:1324:21
🔄 SHOW_EXCHANGE_MODAL: Botón accept-exchange en modal: SÍ human_script.js:1328:21
🔄 SHOW_EXCHANGE_MODAL: Botón onclick: function onclick(event) {
game.acceptExchange()
} human_script.js:1330:25
🔄 SHOW_EXCHANGE_MODAL: Botón display: none human_script.js:1331:25
🔄 HANDLE_EXCHANGE_SELECTION - Índice: 2, Jugador: current human_script.js:1337:17
🔄 HANDLE_EXCHANGE_SELECTION - exchangeData actual: 
Object { targetPlayerId: 2, selectedCurrentCard: null, selectedTargetCard: null, modal: div.modal }
human_script.js:1338:17
🔄 HANDLE_EXCHANGE_SELECTION - Carta seleccionada del jugador actual: Molino de viento human_script.js:1345:21
🔄 HANDLE_EXCHANGE_SELECTION - Mano completa del jugador actual: Cuchicheos de ventero, Molino de viento, Molino de viento human_script.js:1346:21
🔄 HANDLE_EXCHANGE_SELECTION - Estado después de selección: currentCard=2, targetCard=null human_script.js:1363:17
🔄 HANDLE_EXCHANGE_SELECTION - Ambas cartas seleccionadas: NO human_script.js:1364:17
🔄 HANDLE_EXCHANGE_SELECTION - Índice: 1, Jugador: target human_script.js:1337:17
🔄 HANDLE_EXCHANGE_SELECTION - exchangeData actual: 
Object { targetPlayerId: 2, selectedCurrentCard: 2, selectedTargetCard: null, modal: div.modal }
human_script.js:1338:17
🔄 HANDLE_EXCHANGE_SELECTION - Carta seleccionada del jugador objetivo: Yelmo human_script.js:1355:21
🔄 HANDLE_EXCHANGE_SELECTION - Mano completa del jugador objetivo: Cuando las barbas veas cortar…, Yelmo, Cuchicheos de ventero human_script.js:1356:21
🔄 HANDLE_EXCHANGE_SELECTION - Estado después de selección: currentCard=2, targetCard=1 human_script.js:1363:17
🔄 HANDLE_EXCHANGE_SELECTION - Ambas cartas seleccionadas: SÍ human_script.js:1364:17
🔄 HANDLE_EXCHANGE_SELECTION - Ambas cartas seleccionadas, mostrando botón aceptar human_script.js:1367:21
🔄 HANDLE_EXCHANGE_SELECTION - Botón aceptar encontrado: SÍ human_script.js:1371:21
🔄 HANDLE_EXCHANGE_SELECTION - Display anterior: none human_script.js:1373:25
🔄 HANDLE_EXCHANGE_SELECTION - Display nuevo: inline-block human_script.js:1375:25
🔍 Jugador 1, gameMode: ai, playerCount: 4, isAI: false script_modular.js:346:17
🔄 EXECUTE_EXCHANGE INICIADO - keepCuchicheos: false, closeModal: true human_script.js:1388:17
🔄 EXECUTE_EXCHANGE - Jugador actual: 1, Jugador objetivo: 3 human_script.js:1398:17
🔄 EXECUTE_EXCHANGE - Índices: currentCard=2, targetCard=1 human_script.js:1399:17
🔄 EXECUTE_EXCHANGE - Cartas a intercambiar: "Molino de viento" ↔ "Yelmo" human_script.js:1415:17
🔄 EXECUTE_EXCHANGE - Mano del jugador actual antes: Cuchicheos de ventero, Molino de viento, Molino de viento human_script.js:1416:17
🔄 EXECUTE_EXCHANGE - Mano del jugador objetivo antes: Cuando las barbas veas cortar…, Yelmo, Cuchicheos de ventero human_script.js:1417:17
🔄 EXECUTE_EXCHANGE - Intercambio realizado human_script.js:1423:17
🔄 EXECUTE_EXCHANGE - Mano del jugador actual después: Cuchicheos de ventero, Molino de viento, Yelmo human_script.js:1424:17
🔄 EXECUTE_EXCHANGE - Mano del jugador objetivo después: Cuando las barbas veas cortar…, Molino de viento, Cuchicheos de ventero human_script.js:1425:17
🗑️ EXECUTE_EXCHANGE - Cuchicheos descartado: Cuchicheos de ventero human_script.js:1433:25
🔄 EXECUTE_EXCHANGE - Configurando estado del juego human_script.js:1441:17
🔄 EXECUTE_EXCHANGE - Estado configurado: hasPlayed=true, gameMode=ai, librosMode=false human_script.js:1447:17
🔄 EXECUTE_EXCHANGE - Actualizando visualización human_script.js:1451:21
🔍 Jugador 1, gameMode: ai, playerCount: 4, isAI: false 3 script_modular.js:346:17
🔍 Jugador 2, gameMode: ai, playerCount: 4, isAI: true script_modular.js:346:17
🔍 Jugador 3, gameMode: ai, playerCount: 4, isAI: true script_modular.js:346:17
🔍 Jugador 4, gameMode: ai, playerCount: 4, isAI: true script_modular.js:346:17
🔄 EXECUTE_EXCHANGE - MODO AI: Finalizando turno automáticamente después de intercambio human_script.js:1457:21
🔄 EXECUTE_EXCHANGE - Limpiando datos de intercambio human_script.js:1477:17
🔄 EXECUTE_EXCHANGE - exchangeData antes de limpiar: 
Object { targetPlayerId: 2, selectedCurrentCard: 2, selectedTargetCard: 1, modal: div.modal }
human_script.js:1478:17
🔄 EXECUTE_EXCHANGE - closeModal: true human_script.js:1479:17
🔄 EXECUTE_EXCHANGE - Llamando a closeExchangeModal(true) human_script.js:1483:21
🔄 CLOSE_EXCHANGE_MODAL: Cerrando modal de intercambio - skipExchangeLogic: true, isCancelling: false human_script.js:1514:17
🔄 CLOSE_EXCHANGE_MODAL: this.exchangeData: 
Object { targetPlayerId: 2, selectedCurrentCard: 2, selectedTargetCard: 1, modal: div.modal }
human_script.js:1515:17
🔄 CLOSE_EXCHANGE_MODAL: this.exchangeData?.modal: 
<div class="modal" style="display: block; z-index: 9999;">
human_script.js:1516:17
🔄 CLOSE_EXCHANGE_MODAL: Modal encontrado en exchangeData human_script.js:1523:21
🔄 CLOSE_EXCHANGE_MODAL: Modales en DOM antes de remover: 1 human_script.js:1536:17
🔄 CLOSE_EXCHANGE_MODAL: Removiendo modal del DOM: 
<div class="modal" style="display: block; z-index: 9999;">
human_script.js:1540:21
🔄 CLOSE_EXCHANGE_MODAL: Modal removido del DOM exitosamente human_script.js:1542:21
🔄 CLOSE_EXCHANGE_MODAL: Modales en DOM después de remover: 0 human_script.js:1551:17
🔄 CLOSE_EXCHANGE_MODAL: Verificando condiciones para intercambio: human_script.js:1570:17
🔄 CLOSE_EXCHANGE_MODAL: - skipExchangeLogic: true human_script.js:1571:17
🔄 CLOSE_EXCHANGE_MODAL: - isCancelling: false human_script.js:1572:17
🔄 CLOSE_EXCHANGE_MODAL: - this.exchangeData existe: SÍ human_script.js:1573:17
🔄 CLOSE_EXCHANGE_MODAL: - selectedCurrentCard: 2 human_script.js:1575:21
🔄 CLOSE_EXCHANGE_MODAL: - selectedTargetCard: 1 human_script.js:1576:21
🔄 CLOSE_EXCHANGE_MODAL: - Ambas cartas seleccionadas: SÍ human_script.js:1577:21
🔄 CLOSE_EXCHANGE_MODAL: exchangeData limpiado human_script.js:1637:17
🔄 CLOSE_EXCHANGE_MODAL: Modal cerrado - FUNCIÓN COMPLETADA human_script.js:1638:17
🔄 EXECUTE_EXCHANGE: Limpiando datos de intercambio human_script.js:1488:17
🔄 EXECUTE_EXCHANGE: this.originalCuchicheosCard antes de limpiar: 
Object { id: "cuchicheos-0", name: "Cuchicheos de ventero", type: "cuchicheos", category: "evento", target: null }
human_script.js:1489:17
🔄 EXECUTE_EXCHANGE - exchangeData después de limpiar: null human_script.js:1492:17
🔄 EXECUTE_EXCHANGE: this.originalCuchicheosCard después de limpiar: null human_script.js:1493:17
🔄 EXECUTE_EXCHANGE - COMPLETADO human_script.js:1510:17
🔍 Jugador 1, gameMode: ai, playerCount: 4, isAI: false 4 script_modular.js:346:17
🔍 Jugador 2, gameMode: ai, playerCount: 4, isAI: true script_modular.js:346:17
🔍 Jugador 3, gameMode: ai, playerCount: 4, isAI: true script_modular.js:346:17
🔍 Jugador 4, gameMode: ai, playerCount: 4, isAI: true script_modular.js:346:17
🔄 EXECUTE_EXCHANGE - Verificación final: Modales restantes: 0 human_script.js:1498:21
🔄 EXECUTE_EXCHANGE - Ejecutando endTurn() desde intercambio human_script.js:1459:25
🔍 Jugador 1, gameMode: ai, playerCount: 4, isAI: false script_modular.js:346:17
🔍 Jugador 2, gameMode: ai, playerCount: 4, isAI: true script_modular.js:346:17
🔍 Jugador 3, gameMode: ai, playerCount: 4, isAI: true script_modular.js:346:17
🔍 Jugador 4, gameMode: ai, playerCount: 4, isAI: true script_modular.js:346:17
🔍 Jugador 2, gameMode: ai, playerCount: 4, isAI: true 2 script_modular.js:346:17
🤖 El siguiente jugador es IA, ejecutando turno automáticamente script_modular.js:234:25
🤖 Turno de IA: Jugador 2 aiplayer_script.js:21:17
📊 CONTEO DE CARTAS (Turno IA): aiplayer_script.js:918:17
  📋 En manos: 11 cartas aiplayer_script.js:919:17
  🛡️ Equipadas: 10 cartas aiplayer_script.js:920:17
  🃏 En mazo: 11 cartas aiplayer_script.js:921:17
  🗑️ En descarte: 6 cartas aiplayer_script.js:922:17
  📈 TOTAL: 38/52 cartas aiplayer_script.js:923:17
🤖 IA robando carta... aiplayer_script.js:32:21
[DEBUG] drawCard: Jugador 2 robando "Bálsamo de Fierabrás". Mano antes: 3 cartas, mazo: 11 cartas normal_script.js:159:21
[DEBUG] drawCard: Jugador 2 robó "Bálsamo de Fierabrás". Mano después: 4 cartas, mazo: 10 cartas normal_script.js:165:21
🤖 IA jugando carta... aiplayer_script.js:39:21
🔍 IA evaluando estratégicamente las cartas... aiplayer_script.js:70:17
🤖 IA: Oferta de ínsula = valor 60 aiplayer_script.js:79:21
🤖 IA: Yelmo = valor 100 aiplayer_script.js:79:21
🤖 IA: Doncella en apuros = valor 70 aiplayer_script.js:79:21
🤖 IA: Bálsamo de Fierabrás = valor 80 aiplayer_script.js:79:21
🤖 IA seleccionó estratégicamente: Yelmo (valor: 100) aiplayer_script.js:87:17
🤖 IA JUGANDO CARTA: Yelmo (complemento) - Índice: 1 aiplayer_script.js:101:17
⚙️ IA OPCIONES DE JUEGO: Yelmo (complemento) - Índice: 1 aiplayer_script.js:139:17
[DEBUG] addEquipment IA: Equipando "Yelmo" como yelmo. Mano antes: 4 cartas aiplayer_script.js:316:21
[DEBUG] addEquipment IA: "Yelmo" removida de la mano. Mano después: 3 cartas aiplayer_script.js:319:21
✅ CARTA EQUIPADA: Yelmo removida de la mano aiplayer_script.js:320:21
🔧 IA equipó: Yelmo aiplayer_script.js:328:21
🔍 Jugador 1, gameMode: ai, playerCount: 4, isAI: false script_modular.js:346:17
🔍 Jugador 2, gameMode: ai, playerCount: 4, isAI: true script_modular.js:346:17
🔍 Jugador 3, gameMode: ai, playerCount: 4, isAI: true script_modular.js:346:17
🔍 Jugador 4, gameMode: ai, playerCount: 4, isAI: true script_modular.js:346:17
🤖 IA: Turno completado, listo para finalizar aiplayer_script.js:348:21
🔍 DEBUG: Condiciones para terminar turno: hasDrawn=true, librosMode=false, hasPlayed=true, aiSelectionHandled=false, isAI=true aiplayer_script.js:51:17
🤖 IA terminando turno... aiplayer_script.js:54:21
🔍 Jugador 1, gameMode: ai, playerCount: 4, isAI: false script_modular.js:346:17
🔍 Jugador 2, gameMode: ai, playerCount: 4, isAI: true script_modular.js:346:17
🔍 Jugador 3, gameMode: ai, playerCount: 4, isAI: true script_modular.js:346:17
🔍 Jugador 4, gameMode: ai, playerCount: 4, isAI: true script_modular.js:346:17
🔍 Jugador 3, gameMode: ai, playerCount: 4, isAI: true 2 script_modular.js:346:17
🤖 El siguiente jugador es IA, ejecutando turno automáticamente script_modular.js:234:25
🤖 Turno de IA: Jugador 3 aiplayer_script.js:21:17
📊 CONTEO DE CARTAS (Turno IA): aiplayer_script.js:918:17
  📋 En manos: 11 cartas aiplayer_script.js:919:17
  🛡️ Equipadas: 11 cartas aiplayer_script.js:920:17
  🃏 En mazo: 10 cartas aiplayer_script.js:921:17
  🗑️ En descarte: 6 cartas aiplayer_script.js:922:17
  📈 TOTAL: 38/52 cartas aiplayer_script.js:923:17
🤖 IA robando carta... aiplayer_script.js:32:21
[DEBUG] drawCard: Jugador 3 robando "Yelmo". Mano antes: 3 cartas, mazo: 10 cartas normal_script.js:159:21
[DEBUG] drawCard: Jugador 3 robó "Yelmo". Mano después: 4 cartas, mazo: 9 cartas normal_script.js:165:21
🤖 IA jugando carta... aiplayer_script.js:39:21
🔍 IA evaluando estratégicamente las cartas... aiplayer_script.js:70:17
🤖 IA: Cuando las barbas veas cortar… = valor 60 aiplayer_script.js:79:21
🤖 IA: Molino de viento = valor 100 aiplayer_script.js:79:21
🤖 IA: Cuchicheos de ventero = valor 70 aiplayer_script.js:79:21
🤖 IA: Yelmo = valor 10 aiplayer_script.js:79:21
🤖 IA seleccionó estratégicamente: Molino de viento (valor: 100) aiplayer_script.js:87:17
🤖 IA JUGANDO CARTA: Molino de viento (evento) - Índice: 1 aiplayer_script.js:101:17
📤 IA DESCARTANDO CARTA: Molino de viento - Índice: 1 aiplayer_script.js:115:17
🎯 IA EJECUTANDO EFECTO: Molino de viento (evento) aiplayer_script.js:170:17
🌪️ IA activó Molino de viento aiplayer_script.js:545:17
🔍 DEBUG: playCardToDiscard - requiresInteraction=false, card.type=molino aiplayer_script.js:122:17
🔍 DEBUG: Condiciones para terminar turno: hasDrawn=true, librosMode=false, hasPlayed=true, aiSelectionHandled=false, isAI=true aiplayer_script.js:51:17
🤖 IA terminando turno... aiplayer_script.js:54:21
🔍 Jugador 1, gameMode: ai, playerCount: 4, isAI: false script_modular.js:346:17
🔍 Jugador 2, gameMode: ai, playerCount: 4, isAI: true script_modular.js:346:17
🔍 Jugador 3, gameMode: ai, playerCount: 4, isAI: true script_modular.js:346:17
🔍 Jugador 4, gameMode: ai, playerCount: 4, isAI: true 3 script_modular.js:346:17
🤖 El siguiente jugador es IA, ejecutando turno automáticamente script_modular.js:234:25
🤖 Turno de IA: Jugador 4 aiplayer_script.js:21:17
📊 CONTEO DE CARTAS (Turno IA): aiplayer_script.js:918:17
  📋 En manos: 11 cartas aiplayer_script.js:919:17
  🛡️ Equipadas: 11 cartas aiplayer_script.js:920:17
  🃏 En mazo: 9 cartas aiplayer_script.js:921:17
  🗑️ En descarte: 7 cartas aiplayer_script.js:922:17
  📈 TOTAL: 38/52 cartas aiplayer_script.js:923:17
🤖 IA robando carta... aiplayer_script.js:32:21
[DEBUG] drawCard: Jugador 4 robando "Escudero". Mano antes: 3 cartas, mazo: 9 cartas normal_script.js:159:21
[DEBUG] drawCard: Jugador 4 robó "Escudero". Mano después: 4 cartas, mazo: 8 cartas normal_script.js:165:21
🤖 IA jugando carta... aiplayer_script.js:39:21
🔍 IA evaluando estratégicamente las cartas... aiplayer_script.js:70:17
🤖 IA: A caballo regalado… = valor 60 aiplayer_script.js:79:21
🤖 IA: Princesa Micomicona = valor 70 2 aiplayer_script.js:79:21
🤖 IA: Escudero = valor 100 aiplayer_script.js:79:21
🤖 IA seleccionó estratégicamente: Escudero (valor: 100) aiplayer_script.js:87:17
🤖 IA JUGANDO CARTA: Escudero (complemento) - Índice: 3 aiplayer_script.js:101:17
⚙️ IA OPCIONES DE JUEGO: Escudero (complemento) - Índice: 3 aiplayer_script.js:139:17
[DEBUG] addEquipment IA: Equipando "Escudero" como escudero. Mano antes: 4 cartas aiplayer_script.js:316:21
[DEBUG] addEquipment IA: "Escudero" removida de la mano. Mano después: 3 cartas aiplayer_script.js:319:21
✅ CARTA EQUIPADA: Escudero removida de la mano aiplayer_script.js:320:21
🔧 IA equipó: Escudero aiplayer_script.js:328:21
🔍 Jugador 1, gameMode: ai, playerCount: 4, isAI: false script_modular.js:346:17
🔍 Jugador 2, gameMode: ai, playerCount: 4, isAI: true script_modular.js:346:17
🔍 Jugador 3, gameMode: ai, playerCount: 4, isAI: true script_modular.js:346:17
🔍 Jugador 4, gameMode: ai, playerCount: 4, isAI: true script_modular.js:346:17
🤖 IA: Turno completado, listo para finalizar aiplayer_script.js:348:21
🔍 DEBUG: Condiciones para terminar turno: hasDrawn=true, librosMode=false, hasPlayed=true, aiSelectionHandled=false, isAI=true aiplayer_script.js:51:17
🤖 IA terminando turno... aiplayer_script.js:54:21
🔍 Jugador 1, gameMode: ai, playerCount: 4, isAI: false 3 script_modular.js:346:17
🔍 Jugador 2, gameMode: ai, playerCount: 4, isAI: true script_modular.js:346:17
🔍 Jugador 3, gameMode: ai, playerCount: 4, isAI: true script_modular.js:346:17
🔍 Jugador 4, gameMode: ai, playerCount: 4, isAI: true script_modular.js:346:17
🏆 ¡VICTORIA! Jugador 4 ha ganado la partida script_modular.js:696:17
